Instan,TanggalWaktu,Musim,Tahun,Bulan,Libur,HariKerja,HariKerjaAktif,KondisiCuaca,Suhu,SuhuTerasa,Kelembaban,KecepatanAngin,Kasual,Terdaftar,Jumlah,Suhu Celcius,SuhuTerasa Celcius
1,2011-01-01,Musim Semi,2011,1,0,6,0,2,0.344167,0.363625,0.805833,0.160446,331,654,985,14.110847,18.18125
2,2011-01-02,Musim Semi,2011,1,0,0,0,2,0.363478,0.353739,0.696087,0.248539,131,670,801,14.902598000000001,17.686950000000003
3,2011-01-03,Musim Semi,2011,1,0,1,1,1,0.196364,0.189405,0.437273,0.248309,120,1229,1349,8.050924,9.47025
4,2011-01-04,Musim Semi,2011,1,0,2,1,1,0.2,0.212122,0.590435,0.160296,108,1454,1562,8.200000000000001,10.6061
5,2011-01-05,Musim Semi,2011,1,0,3,1,1,0.226957,0.22927,0.436957,0.1869,82,1518,1600,9.305237,11.4635
6,2011-01-06,Musim Semi,2011,1,0,4,1,1,0.204348,0.233209,0.518261,0.0895652,88,1518,1606,8.378268,11.66045
7,2011-01-07,Musim Semi,2011,1,0,5,1,2,0.196522,0.208839,0.498696,0.168726,148,1362,1510,8.057402,10.44195
8,2011-01-08,Musim Semi,2011,1,0,6,0,2,0.165,0.162254,0.535833,0.266804,68,891,959,6.765000000000001,8.1127
9,2011-01-09,Musim Semi,2011,1,0,0,0,1,0.138333,0.116175,0.434167,0.36195,54,768,822,5.671653,5.80875
10,2011-01-10,Musim Semi,2011,1,0,1,1,1,0.150833,0.150888,0.482917,0.223267,41,1280,1321,6.184153,7.5443999999999996
11,2011-01-11,Musim Semi,2011,1,0,2,1,2,0.169091,0.191464,0.686364,0.122132,43,1220,1263,6.9327309999999995,9.5732
12,2011-01-12,Musim Semi,2011,1,0,3,1,1,0.172727,0.160473,0.599545,0.304627,25,1137,1162,7.0818069999999995,8.02365
13,2011-01-13,Musim Semi,2011,1,0,4,1,1,0.165,0.150883,0.470417,0.301,38,1368,1406,6.765000000000001,7.544149999999999
14,2011-01-14,Musim Semi,2011,1,0,5,1,1,0.16087,0.188413,0.537826,0.126548,54,1367,1421,6.59567,9.42065
15,2011-01-15,Musim Semi,2011,1,0,6,0,2,0.233333,0.248112,0.49875,0.157963,222,1026,1248,9.566653,12.4056
16,2011-01-16,Musim Semi,2011,1,0,0,0,1,0.231667,0.234217,0.48375,0.188433,251,953,1204,9.498347,11.71085
17,2011-01-17,Musim Semi,2011,1,1,1,0,2,0.175833,0.176771,0.5375,0.194017,117,883,1000,7.209153,8.838550000000001
18,2011-01-18,Musim Semi,2011,1,0,2,1,2,0.216667,0.232333,0.861667,0.146775,9,674,683,8.883347,11.61665
19,2011-01-19,Musim Semi,2011,1,0,3,1,2,0.292174,0.298422,0.741739,0.208317,78,1572,1650,11.979134,14.921100000000001
20,2011-01-20,Musim Semi,2011,1,0,4,1,2,0.261667,0.25505,0.538333,0.195904,83,1844,1927,10.728347,12.7525
21,2011-01-21,Musim Semi,2011,1,0,5,1,1,0.1775,0.157833,0.457083,0.353242,75,1468,1543,7.2775,7.89165
22,2011-01-22,Musim Semi,2011,1,0,6,0,1,0.0591304,0.0790696,0.4,0.17197,93,888,981,2.4243464,3.9534800000000003
23,2011-01-23,Musim Semi,2011,1,0,0,0,1,0.0965217,0.0988391,0.436522,0.2466,150,836,986,3.9573897000000002,4.941955
24,2011-01-24,Musim Semi,2011,1,0,1,1,1,0.0973913,0.11793,0.491739,0.15833,86,1330,1416,3.9930433,5.8965
25,2011-01-25,Musim Semi,2011,1,0,2,1,2,0.223478,0.234526,0.616957,0.129796,186,1799,1985,9.162598000000001,11.7263
26,2011-01-26,Musim Semi,2011,1,0,3,1,3,0.2175,0.2036,0.8625,0.29385,34,472,506,8.9175,10.18
27,2011-01-27,Musim Semi,2011,1,0,4,1,1,0.195,0.2197,0.6875,0.113837,15,416,431,7.995,10.985
28,2011-01-28,Musim Semi,2011,1,0,5,1,2,0.203478,0.223317,0.793043,0.1233,38,1129,1167,8.342597999999999,11.165849999999999
29,2011-01-29,Musim Semi,2011,1,0,6,0,1,0.196522,0.212126,0.651739,0.145365,123,975,1098,8.057402,10.606300000000001
30,2011-01-30,Musim Semi,2011,1,0,0,0,1,0.216522,0.250322,0.722174,0.0739826,140,956,1096,8.877402,12.5161
31,2011-01-31,Musim Semi,2011,1,0,1,1,2,0.180833,0.18625,0.60375,0.187192,42,1459,1501,7.414153,9.3125
32,2011-02-01,Musim Semi,2011,2,0,2,1,2,0.192174,0.23453,0.829565,0.053213,47,1313,1360,7.8791340000000005,11.7265
33,2011-02-02,Musim Semi,2011,2,0,3,1,2,0.26,0.254417,0.775417,0.264308,72,1454,1526,10.66,12.72085
34,2011-02-03,Musim Semi,2011,2,0,4,1,1,0.186957,0.177878,0.437826,0.277752,61,1489,1550,7.665237,8.8939
35,2011-02-04,Musim Semi,2011,2,0,5,1,2,0.211304,0.228587,0.585217,0.127839,88,1620,1708,8.663464,11.429350000000001
36,2011-02-05,Musim Semi,2011,2,0,6,0,2,0.233333,0.243058,0.929167,0.161079,100,905,1005,9.566653,12.152899999999999
37,2011-02-06,Musim Semi,2011,2,0,0,0,1,0.285833,0.291671,0.568333,0.1418,354,1269,1623,11.719153,14.58355
38,2011-02-07,Musim Semi,2011,2,0,1,1,1,0.271667,0.303658,0.738333,0.0454083,120,1592,1712,11.138347,15.1829
39,2011-02-08,Musim Semi,2011,2,0,2,1,1,0.220833,0.198246,0.537917,0.36195,64,1466,1530,9.054153,9.9123
40,2011-02-09,Musim Semi,2011,2,0,3,1,2,0.134783,0.144283,0.494783,0.188839,53,1552,1605,5.526102999999999,7.21415
41,2011-02-10,Musim Semi,2011,2,0,4,1,1,0.144348,0.149548,0.437391,0.221935,47,1491,1538,5.918268,7.477399999999999
42,2011-02-11,Musim Semi,2011,2,0,5,1,1,0.189091,0.213509,0.506364,0.10855,149,1597,1746,7.752731000000001,10.67545
43,2011-02-12,Musim Semi,2011,2,0,6,0,1,0.2225,0.232954,0.544167,0.203367,288,1184,1472,9.1225,11.6477
44,2011-02-13,Musim Semi,2011,2,0,0,0,1,0.316522,0.324113,0.457391,0.260883,397,1192,1589,12.977402000000001,16.20565
45,2011-02-14,Musim Semi,2011,2,0,1,1,1,0.415,0.39835,0.375833,0.417908,208,1705,1913,17.015,19.9175
46,2011-02-15,Musim Semi,2011,2,0,2,1,1,0.266087,0.254274,0.314348,0.291374,140,1675,1815,10.909567000000001,12.7137
47,2011-02-16,Musim Semi,2011,2,0,3,1,1,0.318261,0.3162,0.423478,0.251791,218,1897,2115,13.048701000000001,15.809999999999999
48,2011-02-17,Musim Semi,2011,2,0,4,1,1,0.435833,0.428658,0.505,0.230104,259,2216,2475,17.869153,21.4329
49,2011-02-18,Musim Semi,2011,2,0,5,1,1,0.521667,0.511983,0.516667,0.264925,579,2348,2927,21.388347,25.599149999999998
50,2011-02-19,Musim Semi,2011,2,0,6,0,1,0.399167,0.391404,0.187917,0.507463,532,1103,1635,16.365847,19.5702
51,2011-02-20,Musim Semi,2011,2,0,0,0,1,0.285217,0.27733,0.407826,0.223235,639,1173,1812,11.693897,13.8665
52,2011-02-21,Musim Semi,2011,2,1,1,0,2,0.303333,0.284075,0.605,0.307846,195,912,1107,12.436653000000002,14.203750000000001
53,2011-02-22,Musim Semi,2011,2,0,2,1,1,0.182222,0.186033,0.577778,0.195683,74,1376,1450,7.471102,9.30165
54,2011-02-23,Musim Semi,2011,2,0,3,1,1,0.221739,0.245717,0.423043,0.094113,139,1778,1917,9.091299,12.28585
55,2011-02-24,Musim Semi,2011,2,0,4,1,2,0.295652,0.289191,0.697391,0.250496,100,1707,1807,12.121732000000002,14.459549999999998
56,2011-02-25,Musim Semi,2011,2,0,5,1,2,0.364348,0.350461,0.712174,0.346539,120,1341,1461,14.938268,17.52305
57,2011-02-26,Musim Semi,2011,2,0,6,0,1,0.2825,0.282192,0.537917,0.186571,424,1545,1969,11.5825,14.1096
58,2011-02-27,Musim Semi,2011,2,0,0,0,1,0.343478,0.351109,0.68,0.125248,694,1708,2402,14.082598,17.55545
59,2011-02-28,Musim Semi,2011,2,0,1,1,2,0.407273,0.400118,0.876364,0.289686,81,1365,1446,16.698193,20.005899999999997
60,2011-03-01,Musim Semi,2011,3,0,2,1,1,0.266667,0.263879,0.535,0.216425,137,1714,1851,10.933347,13.19395
61,2011-03-02,Musim Semi,2011,3,0,3,1,1,0.335,0.320071,0.449583,0.307833,231,1903,2134,13.735000000000001,16.00355
62,2011-03-03,Musim Semi,2011,3,0,4,1,1,0.198333,0.200133,0.318333,0.225754,123,1562,1685,8.131653,10.00665
63,2011-03-04,Musim Semi,2011,3,0,5,1,2,0.261667,0.255679,0.610417,0.203346,214,1730,1944,10.728347,12.783949999999999
64,2011-03-05,Musim Semi,2011,3,0,6,0,2,0.384167,0.378779,0.789167,0.251871,640,1437,2077,15.750846999999998,18.93895
65,2011-03-06,Musim Semi,2011,3,0,0,0,2,0.376522,0.366252,0.948261,0.343287,114,491,605,15.437402,18.3126
66,2011-03-07,Musim Semi,2011,3,0,1,1,1,0.261739,0.238461,0.551304,0.341352,244,1628,1872,10.731299,11.92305
67,2011-03-08,Musim Semi,2011,3,0,2,1,1,0.2925,0.3024,0.420833,0.12065,316,1817,2133,11.9925,15.120000000000001
68,2011-03-09,Musim Semi,2011,3,0,3,1,2,0.295833,0.286608,0.775417,0.22015,191,1700,1891,12.129153,14.3304
69,2011-03-10,Musim Semi,2011,3,0,4,1,3,0.389091,0.385668,0.0,0.261877,46,577,623,15.952731,19.2834
70,2011-03-11,Musim Semi,2011,3,0,5,1,2,0.316522,0.305,0.649565,0.23297,247,1730,1977,12.977402000000001,15.25
71,2011-03-12,Musim Semi,2011,3,0,6,0,1,0.329167,0.32575,0.594583,0.220775,724,1408,2132,13.495847,16.287499999999998
72,2011-03-13,Musim Semi,2011,3,0,0,0,1,0.384348,0.380091,0.527391,0.270604,982,1435,2417,15.758268000000001,19.004550000000002
73,2011-03-14,Musim Semi,2011,3,0,1,1,1,0.325217,0.332,0.496957,0.136926,359,1687,2046,13.333896999999999,16.6
74,2011-03-15,Musim Semi,2011,3,0,2,1,2,0.317391,0.318178,0.655652,0.184309,289,1767,2056,13.013031,15.908900000000001
75,2011-03-16,Musim Semi,2011,3,0,3,1,2,0.365217,0.36693,0.776522,0.203117,321,1871,2192,14.973897000000001,18.3465
76,2011-03-17,Musim Semi,2011,3,0,4,1,1,0.415,0.410333,0.602917,0.209579,424,2320,2744,17.015,20.51665
77,2011-03-18,Musim Semi,2011,3,0,5,1,1,0.54,0.527009,0.525217,0.231017,884,2355,3239,22.14,26.35045
78,2011-03-19,Musim Semi,2011,3,0,6,0,1,0.4725,0.466525,0.379167,0.368167,1424,1693,3117,19.3725,23.32625
79,2011-03-20,Musim Semi,2011,3,0,0,0,1,0.3325,0.32575,0.47375,0.207721,1047,1424,2471,13.6325,16.287499999999998
80,2011-03-21,Musim Panas,2011,3,0,1,1,2,0.430435,0.409735,0.737391,0.288783,401,1676,2077,17.647835,20.48675
81,2011-03-22,Musim Panas,2011,3,0,2,1,1,0.441667,0.440642,0.624583,0.22575,460,2243,2703,18.108347,22.0321
82,2011-03-23,Musim Panas,2011,3,0,3,1,2,0.346957,0.337939,0.839565,0.234261,203,1918,2121,14.225237,16.89695
83,2011-03-24,Musim Panas,2011,3,0,4,1,2,0.285,0.270833,0.805833,0.243787,166,1699,1865,11.684999999999999,13.541649999999999
84,2011-03-25,Musim Panas,2011,3,0,5,1,1,0.264167,0.256312,0.495,0.230725,300,1910,2210,10.830846999999999,12.8156
85,2011-03-26,Musim Panas,2011,3,0,6,0,1,0.265833,0.257571,0.394167,0.209571,981,1515,2496,10.899153,12.87855
86,2011-03-27,Musim Panas,2011,3,0,0,0,2,0.253043,0.250339,0.493913,0.1843,472,1221,1693,10.374763000000002,12.51695
87,2011-03-28,Musim Panas,2011,3,0,1,1,1,0.264348,0.257574,0.302174,0.212204,222,1806,2028,10.838268000000001,12.878700000000002
88,2011-03-29,Musim Panas,2011,3,0,2,1,1,0.3025,0.292908,0.314167,0.226996,317,2108,2425,12.4025,14.6454
89,2011-03-30,Musim Panas,2011,3,0,3,1,2,0.3,0.29735,0.646667,0.172888,168,1368,1536,12.299999999999999,14.8675
90,2011-03-31,Musim Panas,2011,3,0,4,1,3,0.268333,0.257575,0.918333,0.217646,179,1506,1685,11.001653,12.87875
91,2011-04-01,Musim Panas,2011,4,0,5,1,2,0.3,0.283454,0.68625,0.258708,307,1920,2227,12.299999999999999,14.172699999999999
92,2011-04-02,Musim Panas,2011,4,0,6,0,2,0.315,0.315637,0.65375,0.197146,898,1354,2252,12.915000000000001,15.78185
93,2011-04-03,Musim Panas,2011,4,0,0,0,1,0.378333,0.378767,0.48,0.182213,1651,1598,3249,15.511652999999999,18.93835
94,2011-04-04,Musim Panas,2011,4,0,1,1,1,0.573333,0.542929,0.42625,0.385571,734,2381,3115,23.506653,27.14645
95,2011-04-05,Musim Panas,2011,4,0,2,1,2,0.414167,0.39835,0.642083,0.388067,167,1628,1795,16.980847,19.9175
96,2011-04-06,Musim Panas,2011,4,0,3,1,1,0.390833,0.387608,0.470833,0.263063,413,2395,2808,16.024153,19.3804
97,2011-04-07,Musim Panas,2011,4,0,4,1,1,0.4375,0.433696,0.602917,0.162312,571,2570,3141,17.9375,21.684800000000003
98,2011-04-08,Musim Panas,2011,4,0,5,1,2,0.335833,0.324479,0.83625,0.226992,172,1299,1471,13.769153,16.223950000000002
99,2011-04-09,Musim Panas,2011,4,0,6,0,2,0.3425,0.341529,0.8775,0.133083,879,1576,2455,14.0425,17.07645
100,2011-04-10,Musim Panas,2011,4,0,0,0,2,0.426667,0.426737,0.8575,0.146767,1188,1707,2895,17.493347,21.33685
101,2011-04-11,Musim Panas,2011,4,0,1,1,2,0.595652,0.565217,0.716956,0.324474,855,2493,3348,24.421732,28.260849999999998
102,2011-04-12,Musim Panas,2011,4,0,2,1,2,0.5025,0.493054,0.739167,0.274879,257,1777,2034,20.6025,24.6527
103,2011-04-13,Musim Panas,2011,4,0,3,1,2,0.4125,0.417283,0.819167,0.250617,209,1953,2162,16.912499999999998,20.864150000000002
104,2011-04-14,Musim Panas,2011,4,0,4,1,1,0.4675,0.462742,0.540417,0.1107,529,2738,3267,19.1675,23.1371
105,2011-04-15,Musim Panas,2011,4,1,5,0,1,0.446667,0.441913,0.67125,0.226375,642,2484,3126,18.313347,22.09565
106,2011-04-16,Musim Panas,2011,4,0,6,0,3,0.430833,0.425492,0.888333,0.340808,121,674,795,17.664153000000002,21.2746
107,2011-04-17,Musim Panas,2011,4,0,0,0,1,0.456667,0.445696,0.479583,0.303496,1558,2186,3744,18.723347,22.2848
108,2011-04-18,Musim Panas,2011,4,0,1,1,1,0.5125,0.503146,0.5425,0.163567,669,2760,3429,21.0125,25.1573
109,2011-04-19,Musim Panas,2011,4,0,2,1,2,0.505833,0.489258,0.665833,0.157971,409,2795,3204,20.739152999999998,24.4629
110,2011-04-20,Musim Panas,2011,4,0,3,1,1,0.595,0.564392,0.614167,0.241925,613,3331,3944,24.395,28.2196
111,2011-04-21,Musim Panas,2011,4,0,4,1,1,0.459167,0.453892,0.407083,0.325258,745,3444,4189,18.825847,22.6946
112,2011-04-22,Musim Panas,2011,4,0,5,1,2,0.336667,0.321954,0.729583,0.219521,177,1506,1683,13.803347,16.0977
113,2011-04-23,Musim Panas,2011,4,0,6,0,2,0.46,0.450121,0.887917,0.230725,1462,2574,4036,18.86,22.50605
114,2011-04-24,Musim Panas,2011,4,0,0,0,2,0.581667,0.551763,0.810833,0.192175,1710,2481,4191,23.848347,27.58815
115,2011-04-25,Musim Panas,2011,4,0,1,1,1,0.606667,0.5745,0.776667,0.185333,773,3300,4073,24.873347,28.725
116,2011-04-26,Musim Panas,2011,4,0,2,1,1,0.631667,0.594083,0.729167,0.3265,678,3722,4400,25.898346999999998,29.704150000000002
117,2011-04-27,Musim Panas,2011,4,0,3,1,2,0.62,0.575142,0.835417,0.3122,547,3325,3872,25.419999999999998,28.7571
118,2011-04-28,Musim Panas,2011,4,0,4,1,2,0.6175,0.578929,0.700833,0.320908,569,3489,4058,25.317500000000003,28.946450000000002
119,2011-04-29,Musim Panas,2011,4,0,5,1,1,0.51,0.497463,0.457083,0.240063,878,3717,4595,20.91,24.87315
120,2011-04-30,Musim Panas,2011,4,0,6,0,1,0.4725,0.464021,0.503333,0.235075,1965,3347,5312,19.3725,23.201050000000002
121,2011-05-01,Musim Panas,2011,5,0,0,0,2,0.451667,0.448204,0.762083,0.106354,1138,2213,3351,18.518347,22.4102
122,2011-05-02,Musim Panas,2011,5,0,1,1,2,0.549167,0.532833,0.73,0.183454,847,3554,4401,22.515846999999997,26.64165
123,2011-05-03,Musim Panas,2011,5,0,2,1,2,0.616667,0.582079,0.697083,0.342667,603,3848,4451,25.283347,29.10395
124,2011-05-04,Musim Panas,2011,5,0,3,1,2,0.414167,0.40465,0.737083,0.328996,255,2378,2633,16.980847,20.2325
125,2011-05-05,Musim Panas,2011,5,0,4,1,1,0.459167,0.441917,0.444167,0.295392,614,3819,4433,18.825847,22.09585
126,2011-05-06,Musim Panas,2011,5,0,5,1,1,0.479167,0.474117,0.59,0.228246,894,3714,4608,19.645847,23.70585
127,2011-05-07,Musim Panas,2011,5,0,6,0,1,0.52,0.512621,0.54125,0.16045,1612,3102,4714,21.32,25.63105
128,2011-05-08,Musim Panas,2011,5,0,0,0,1,0.528333,0.518933,0.631667,0.0746375,1401,2932,4333,21.661653,25.946649999999998
129,2011-05-09,Musim Panas,2011,5,0,1,1,1,0.5325,0.525246,0.58875,0.176,664,3698,4362,21.8325,26.2623
130,2011-05-10,Musim Panas,2011,5,0,2,1,1,0.5325,0.522721,0.489167,0.115671,694,4109,4803,21.8325,26.13605
131,2011-05-11,Musim Panas,2011,5,0,3,1,1,0.5425,0.5284,0.632917,0.120642,550,3632,4182,22.2425,26.419999999999998
132,2011-05-12,Musim Panas,2011,5,0,4,1,1,0.535,0.523363,0.7475,0.189667,695,4169,4864,21.935000000000002,26.16815
133,2011-05-13,Musim Panas,2011,5,0,5,1,2,0.5125,0.4943,0.863333,0.179725,692,3413,4105,21.0125,24.715
134,2011-05-14,Musim Panas,2011,5,0,6,0,2,0.520833,0.500629,0.9225,0.13495,902,2507,3409,21.354153,25.03145
135,2011-05-15,Musim Panas,2011,5,0,0,0,2,0.5625,0.536,0.867083,0.152979,1582,2971,4553,23.0625,26.8
136,2011-05-16,Musim Panas,2011,5,0,1,1,1,0.5775,0.550512,0.787917,0.126871,773,3185,3958,23.677500000000002,27.5256
137,2011-05-17,Musim Panas,2011,5,0,2,1,2,0.561667,0.538529,0.837917,0.277354,678,3445,4123,23.028347,26.926450000000003
138,2011-05-18,Musim Panas,2011,5,0,3,1,2,0.55,0.527158,0.87,0.201492,536,3319,3855,22.55,26.3579
139,2011-05-19,Musim Panas,2011,5,0,4,1,2,0.530833,0.510742,0.829583,0.108213,735,3840,4575,21.764153,25.537100000000002
140,2011-05-20,Musim Panas,2011,5,0,5,1,1,0.536667,0.529042,0.719583,0.125013,909,4008,4917,22.003347,26.4521
141,2011-05-21,Musim Panas,2011,5,0,6,0,1,0.6025,0.571975,0.626667,0.12065,2258,3547,5805,24.7025,28.59875
142,2011-05-22,Musim Panas,2011,5,0,0,0,1,0.604167,0.5745,0.749583,0.148008,1576,3084,4660,24.770847,28.725
143,2011-05-23,Musim Panas,2011,5,0,1,1,2,0.631667,0.590296,0.81,0.233842,836,3438,4274,25.898346999999998,29.5148
144,2011-05-24,Musim Panas,2011,5,0,2,1,2,0.66,0.604813,0.740833,0.207092,659,3833,4492,27.060000000000002,30.240650000000002
145,2011-05-25,Musim Panas,2011,5,0,3,1,1,0.660833,0.615542,0.69625,0.154233,740,4238,4978,27.094153,30.7771
146,2011-05-26,Musim Panas,2011,5,0,4,1,1,0.708333,0.654688,0.6775,0.199642,758,3919,4677,29.041653,32.7344
147,2011-05-27,Musim Panas,2011,5,0,5,1,1,0.681667,0.637008,0.65375,0.240679,871,3808,4679,27.948347000000002,31.8504
148,2011-05-28,Musim Panas,2011,5,0,6,0,1,0.655833,0.612379,0.729583,0.230092,2001,2757,4758,26.889153,30.61895
149,2011-05-29,Musim Panas,2011,5,0,0,0,1,0.6675,0.61555,0.81875,0.213938,2355,2433,4788,27.3675,30.777500000000003
150,2011-05-30,Musim Panas,2011,5,1,1,0,1,0.733333,0.671092,0.685,0.131225,1549,2549,4098,30.066653000000002,33.5546
151,2011-05-31,Musim Panas,2011,5,0,2,1,1,0.775,0.725383,0.636667,0.111329,673,3309,3982,31.775000000000002,36.26915
152,2011-06-01,Musim Panas,2011,6,0,3,1,2,0.764167,0.720967,0.677083,0.207092,513,3461,3974,31.330847000000002,36.04835
153,2011-06-02,Musim Panas,2011,6,0,4,1,1,0.715,0.643942,0.305,0.292287,736,4232,4968,29.314999999999998,32.1971
154,2011-06-03,Musim Panas,2011,6,0,5,1,1,0.62,0.587133,0.354167,0.253121,898,4414,5312,25.419999999999998,29.356650000000002
155,2011-06-04,Musim Panas,2011,6,0,6,0,1,0.635,0.594696,0.45625,0.123142,1869,3473,5342,26.035,29.7348
156,2011-06-05,Musim Panas,2011,6,0,0,0,2,0.648333,0.616804,0.6525,0.138692,1685,3221,4906,26.581653000000003,30.8402
157,2011-06-06,Musim Panas,2011,6,0,1,1,1,0.678333,0.621858,0.6,0.121896,673,3875,4548,27.811653,31.0929
158,2011-06-07,Musim Panas,2011,6,0,2,1,1,0.7075,0.65595,0.597917,0.187808,763,4070,4833,29.0075,32.7975
159,2011-06-08,Musim Panas,2011,6,0,3,1,1,0.775833,0.727279,0.622083,0.136817,676,3725,4401,31.809153,36.36395
160,2011-06-09,Musim Panas,2011,6,0,4,1,2,0.808333,0.757579,0.568333,0.149883,563,3352,3915,33.141653,37.87895
161,2011-06-10,Musim Panas,2011,6,0,5,1,1,0.755,0.703292,0.605,0.140554,815,3771,4586,30.955000000000002,35.1646
162,2011-06-11,Musim Panas,2011,6,0,6,0,1,0.725,0.678038,0.654583,0.15485,1729,3237,4966,29.724999999999998,33.901900000000005
163,2011-06-12,Musim Panas,2011,6,0,0,0,1,0.6925,0.643325,0.747917,0.163567,1467,2993,4460,28.392500000000002,32.166250000000005
164,2011-06-13,Musim Panas,2011,6,0,1,1,1,0.635,0.601654,0.494583,0.30535,863,4157,5020,26.035,30.082700000000003
165,2011-06-14,Musim Panas,2011,6,0,2,1,1,0.604167,0.591546,0.507083,0.269283,727,4164,4891,24.770847,29.5773
166,2011-06-15,Musim Panas,2011,6,0,3,1,1,0.626667,0.587754,0.471667,0.167912,769,4411,5180,25.693347,29.3877
167,2011-06-16,Musim Panas,2011,6,0,4,1,2,0.628333,0.595346,0.688333,0.206471,545,3222,3767,25.761653000000003,29.767300000000002
168,2011-06-17,Musim Panas,2011,6,0,5,1,1,0.649167,0.600383,0.735833,0.143029,863,3981,4844,26.615847000000002,30.01915
169,2011-06-18,Musim Panas,2011,6,0,6,0,1,0.696667,0.643954,0.670417,0.119408,1807,3312,5119,28.563347,32.197700000000005
170,2011-06-19,Musim Panas,2011,6,0,0,0,2,0.699167,0.645846,0.666667,0.102,1639,3105,4744,28.665847,32.292300000000004
171,2011-06-20,Musim Panas,2011,6,0,1,1,2,0.635,0.595346,0.74625,0.155475,699,3311,4010,26.035,29.767300000000002
172,2011-06-21,Musim Gugur,2011,6,0,2,1,2,0.680833,0.637646,0.770417,0.171025,774,4061,4835,27.914153000000002,31.8823
173,2011-06-22,Musim Gugur,2011,6,0,3,1,1,0.733333,0.693829,0.7075,0.172262,661,3846,4507,30.066653000000002,34.69145
174,2011-06-23,Musim Gugur,2011,6,0,4,1,2,0.728333,0.693833,0.703333,0.238804,746,4044,4790,29.861653,34.69165
175,2011-06-24,Musim Gugur,2011,6,0,5,1,1,0.724167,0.656583,0.573333,0.222025,969,4022,4991,29.690847,32.82915
176,2011-06-25,Musim Gugur,2011,6,0,6,0,1,0.695,0.643313,0.483333,0.209571,1782,3420,5202,28.494999999999997,32.16565
177,2011-06-26,Musim Gugur,2011,6,0,0,0,1,0.68,0.637629,0.513333,0.0945333,1920,3385,5305,27.880000000000003,31.88145
178,2011-06-27,Musim Gugur,2011,6,0,1,1,2,0.6825,0.637004,0.658333,0.107588,854,3854,4708,27.982499999999998,31.8502
179,2011-06-28,Musim Gugur,2011,6,0,2,1,1,0.744167,0.692558,0.634167,0.144283,732,3916,4648,30.510847000000002,34.6279
180,2011-06-29,Musim Gugur,2011,6,0,3,1,1,0.728333,0.654688,0.497917,0.261821,848,4377,5225,29.861653,32.7344
181,2011-06-30,Musim Gugur,2011,6,0,4,1,1,0.696667,0.637008,0.434167,0.185312,1027,4488,5515,28.563347,31.8504
182,2011-07-01,Musim Gugur,2011,7,0,5,1,1,0.7225,0.652162,0.39625,0.102608,1246,4116,5362,29.622500000000002,32.6081
183,2011-07-02,Musim Gugur,2011,7,0,6,0,1,0.738333,0.667308,0.444583,0.115062,2204,2915,5119,30.271653,33.3654
184,2011-07-03,Musim Gugur,2011,7,0,0,0,2,0.716667,0.668575,0.6825,0.228858,2282,2367,4649,29.383347,33.42875
185,2011-07-04,Musim Gugur,2011,7,1,1,0,2,0.726667,0.665417,0.637917,0.0814792,3065,2978,6043,29.793346999999997,33.27085
186,2011-07-05,Musim Gugur,2011,7,0,2,1,1,0.746667,0.696338,0.590417,0.126258,1031,3634,4665,30.613346999999997,34.816900000000004
187,2011-07-06,Musim Gugur,2011,7,0,3,1,1,0.72,0.685633,0.743333,0.149883,784,3845,4629,29.52,34.28165
188,2011-07-07,Musim Gugur,2011,7,0,4,1,1,0.75,0.686871,0.65125,0.1592,754,3838,4592,30.75,34.34355
189,2011-07-08,Musim Gugur,2011,7,0,5,1,2,0.709167,0.670483,0.757917,0.225129,692,3348,4040,29.075847,33.524150000000006
190,2011-07-09,Musim Gugur,2011,7,0,6,0,1,0.733333,0.664158,0.609167,0.167912,1988,3348,5336,30.066653000000002,33.2079
191,2011-07-10,Musim Gugur,2011,7,0,0,0,1,0.7475,0.690025,0.578333,0.183471,1743,3138,4881,30.6475,34.50125
192,2011-07-11,Musim Gugur,2011,7,0,1,1,1,0.7625,0.729804,0.635833,0.282337,723,3363,4086,31.2625,36.4902
193,2011-07-12,Musim Gugur,2011,7,0,2,1,1,0.794167,0.739275,0.559167,0.200254,662,3596,4258,32.560846999999995,36.96375
194,2011-07-13,Musim Gugur,2011,7,0,3,1,1,0.746667,0.689404,0.631667,0.146133,748,3594,4342,30.613346999999997,34.4702
195,2011-07-14,Musim Gugur,2011,7,0,4,1,1,0.680833,0.635104,0.47625,0.240667,888,4196,5084,27.914153000000002,31.7552
196,2011-07-15,Musim Gugur,2011,7,0,5,1,1,0.663333,0.624371,0.59125,0.182833,1318,4220,5538,27.196652999999998,31.21855
197,2011-07-16,Musim Gugur,2011,7,0,6,0,1,0.686667,0.638263,0.585,0.208342,2418,3505,5923,28.153347,31.91315
198,2011-07-17,Musim Gugur,2011,7,0,0,0,1,0.719167,0.669833,0.604167,0.245033,2006,3296,5302,29.485847,33.49165
199,2011-07-18,Musim Gugur,2011,7,0,1,1,1,0.746667,0.703925,0.65125,0.215804,841,3617,4458,30.613346999999997,35.19625
200,2011-07-19,Musim Gugur,2011,7,0,2,1,1,0.776667,0.747479,0.650417,0.1306,752,3789,4541,31.843347,37.37395
201,2011-07-20,Musim Gugur,2011,7,0,3,1,1,0.768333,0.74685,0.707083,0.113817,644,3688,4332,31.501653,37.3425
202,2011-07-21,Musim Gugur,2011,7,0,4,1,2,0.815,0.826371,0.69125,0.222021,632,3152,3784,33.415,41.31855
203,2011-07-22,Musim Gugur,2011,7,0,5,1,1,0.848333,0.840896,0.580417,0.1331,562,2825,3387,34.781653,42.0448
204,2011-07-23,Musim Gugur,2011,7,0,6,0,1,0.849167,0.804287,0.5,0.131221,987,2298,3285,34.815847,40.214349999999996
205,2011-07-24,Musim Gugur,2011,7,0,0,0,1,0.83,0.794829,0.550833,0.169171,1050,2556,3606,34.03,39.74145
206,2011-07-25,Musim Gugur,2011,7,0,1,1,1,0.743333,0.720958,0.757083,0.0908083,568,3272,3840,30.476653000000002,36.0479
207,2011-07-26,Musim Gugur,2011,7,0,2,1,1,0.771667,0.696979,0.540833,0.200258,750,3840,4590,31.638347,34.84895
208,2011-07-27,Musim Gugur,2011,7,0,3,1,1,0.775,0.690667,0.402917,0.183463,755,3901,4656,31.775000000000002,34.53335
209,2011-07-28,Musim Gugur,2011,7,0,4,1,1,0.779167,0.7399,0.583333,0.178479,606,3784,4390,31.945847,36.995
210,2011-07-29,Musim Gugur,2011,7,0,5,1,1,0.838333,0.785967,0.5425,0.174138,670,3176,3846,34.371653,39.29835
211,2011-07-30,Musim Gugur,2011,7,0,6,0,1,0.804167,0.728537,0.465833,0.168537,1559,2916,4475,32.970847,36.42685
212,2011-07-31,Musim Gugur,2011,7,0,0,0,1,0.805833,0.729796,0.480833,0.164813,1524,2778,4302,33.039153,36.4898
213,2011-08-01,Musim Gugur,2011,8,0,1,1,1,0.771667,0.703292,0.550833,0.156717,729,3537,4266,31.638347,35.1646
214,2011-08-02,Musim Gugur,2011,8,0,2,1,1,0.783333,0.707071,0.49125,0.20585,801,4044,4845,32.116653,35.35355
215,2011-08-03,Musim Gugur,2011,8,0,3,1,2,0.731667,0.679937,0.6575,0.135583,467,3107,3574,29.998347,33.99685
216,2011-08-04,Musim Gugur,2011,8,0,4,1,2,0.71,0.664788,0.7575,0.19715,799,3777,4576,29.11,33.2394
217,2011-08-05,Musim Gugur,2011,8,0,5,1,1,0.710833,0.656567,0.630833,0.184696,1023,3843,4866,29.144153000000003,32.82835
218,2011-08-06,Musim Gugur,2011,8,0,6,0,2,0.716667,0.676154,0.755,0.22825,1521,2773,4294,29.383347,33.807700000000004
219,2011-08-07,Musim Gugur,2011,8,0,0,0,1,0.7425,0.715292,0.752917,0.201487,1298,2487,3785,30.442500000000003,35.7646
220,2011-08-08,Musim Gugur,2011,8,0,1,1,1,0.765,0.703283,0.592083,0.192175,846,3480,4326,31.365000000000002,35.16415
221,2011-08-09,Musim Gugur,2011,8,0,2,1,1,0.775,0.724121,0.570417,0.151121,907,3695,4602,31.775000000000002,36.20605
222,2011-08-10,Musim Gugur,2011,8,0,3,1,1,0.766667,0.684983,0.424167,0.200258,884,3896,4780,31.433346999999998,34.24915
223,2011-08-11,Musim Gugur,2011,8,0,4,1,1,0.7175,0.651521,0.42375,0.164796,812,3980,4792,29.4175,32.57605
224,2011-08-12,Musim Gugur,2011,8,0,5,1,1,0.708333,0.654042,0.415,0.125621,1051,3854,4905,29.041653,32.7021
225,2011-08-13,Musim Gugur,2011,8,0,6,0,2,0.685833,0.645858,0.729583,0.211454,1504,2646,4150,28.119153,32.2929
226,2011-08-14,Musim Gugur,2011,8,0,0,0,2,0.676667,0.624388,0.8175,0.222633,1338,2482,3820,27.743347,31.219400000000004
227,2011-08-15,Musim Gugur,2011,8,0,1,1,1,0.665833,0.616167,0.712083,0.208954,775,3563,4338,27.299153,30.80835
228,2011-08-16,Musim Gugur,2011,8,0,2,1,1,0.700833,0.645837,0.578333,0.236329,721,4004,4725,28.734153000000003,32.29185
229,2011-08-17,Musim Gugur,2011,8,0,3,1,1,0.723333,0.666671,0.575417,0.143667,668,4026,4694,29.656653,33.33355
230,2011-08-18,Musim Gugur,2011,8,0,4,1,1,0.711667,0.662258,0.654583,0.233208,639,3166,3805,29.178347000000002,33.1129
231,2011-08-19,Musim Gugur,2011,8,0,5,1,2,0.685,0.633221,0.722917,0.139308,797,3356,4153,28.085,31.661050000000003
232,2011-08-20,Musim Gugur,2011,8,0,6,0,1,0.6975,0.648996,0.674167,0.104467,1914,3277,5191,28.5975,32.4498
233,2011-08-21,Musim Gugur,2011,8,0,0,0,1,0.710833,0.675525,0.77,0.248754,1249,2624,3873,29.144153000000003,33.776250000000005
234,2011-08-22,Musim Gugur,2011,8,0,1,1,1,0.691667,0.638254,0.47,0.27675,833,3925,4758,28.358347000000002,31.9127
235,2011-08-23,Musim Gugur,2011,8,0,2,1,1,0.640833,0.606067,0.455417,0.146763,1281,4614,5895,26.274153,30.303350000000002
236,2011-08-24,Musim Gugur,2011,8,0,3,1,1,0.673333,0.630692,0.605,0.253108,949,4181,5130,27.606652999999998,31.5346
237,2011-08-25,Musim Gugur,2011,8,0,4,1,2,0.684167,0.645854,0.771667,0.210833,435,3107,3542,28.050846999999997,32.2927
238,2011-08-26,Musim Gugur,2011,8,0,5,1,1,0.7,0.659733,0.76125,0.0839625,768,3893,4661,28.7,32.98665
239,2011-08-27,Musim Gugur,2011,8,0,6,0,2,0.68,0.635556,0.85,0.375617,226,889,1115,27.880000000000003,31.7778
240,2011-08-28,Musim Gugur,2011,8,0,0,0,1,0.707059,0.647959,0.561765,0.304659,1415,2919,4334,28.989418999999998,32.397949999999994
241,2011-08-29,Musim Gugur,2011,8,0,1,1,1,0.636667,0.607958,0.554583,0.159825,729,3905,4634,26.103347,30.3979
242,2011-08-30,Musim Gugur,2011,8,0,2,1,1,0.639167,0.594704,0.548333,0.125008,775,4429,5204,26.205847000000002,29.7352
243,2011-08-31,Musim Gugur,2011,8,0,3,1,1,0.656667,0.611121,0.597917,0.0833333,688,4370,5058,26.923347,30.556050000000003
244,2011-09-01,Musim Gugur,2011,9,0,4,1,1,0.655,0.614921,0.639167,0.141796,783,4332,5115,26.855,30.746050000000004
245,2011-09-02,Musim Gugur,2011,9,0,5,1,2,0.643333,0.604808,0.727083,0.139929,875,3852,4727,26.376653,30.2404
246,2011-09-03,Musim Gugur,2011,9,0,6,0,1,0.669167,0.633213,0.716667,0.185325,1935,2549,4484,27.435847,31.66065
247,2011-09-04,Musim Gugur,2011,9,0,0,0,1,0.709167,0.665429,0.742083,0.206467,2521,2419,4940,29.075847,33.27145
248,2011-09-05,Musim Gugur,2011,9,1,1,0,2,0.673333,0.625646,0.790417,0.212696,1236,2115,3351,27.606652999999998,31.282300000000003
249,2011-09-06,Musim Gugur,2011,9,0,2,1,3,0.54,0.5152,0.886957,0.343943,204,2506,2710,22.14,25.759999999999998
250,2011-09-07,Musim Gugur,2011,9,0,3,1,3,0.599167,0.544229,0.917083,0.0970208,118,1878,1996,24.565847,27.21145
251,2011-09-08,Musim Gugur,2011,9,0,4,1,3,0.633913,0.555361,0.939565,0.192748,153,1689,1842,25.990433,27.76805
252,2011-09-09,Musim Gugur,2011,9,0,5,1,2,0.65,0.578946,0.897917,0.124379,417,3127,3544,26.650000000000002,28.9473
253,2011-09-10,Musim Gugur,2011,9,0,6,0,1,0.66,0.607962,0.75375,0.153608,1750,3595,5345,27.060000000000002,30.3981
254,2011-09-11,Musim Gugur,2011,9,0,0,0,1,0.653333,0.609229,0.71375,0.115054,1633,3413,5046,26.786653,30.46145
255,2011-09-12,Musim Gugur,2011,9,0,1,1,1,0.644348,0.60213,0.692174,0.088913,690,4023,4713,26.418268,30.106500000000004
256,2011-09-13,Musim Gugur,2011,9,0,2,1,1,0.650833,0.603554,0.7125,0.141804,701,4062,4763,26.684153,30.1777
257,2011-09-14,Musim Gugur,2011,9,0,3,1,1,0.673333,0.6269,0.697083,0.1673,647,4138,4785,27.606652999999998,31.345
258,2011-09-15,Musim Gugur,2011,9,0,4,1,2,0.5775,0.553671,0.709167,0.271146,428,3231,3659,23.677500000000002,27.68355
259,2011-09-16,Musim Gugur,2011,9,0,5,1,2,0.469167,0.461475,0.590417,0.164183,742,4018,4760,19.235847,23.07375
260,2011-09-17,Musim Gugur,2011,9,0,6,0,2,0.491667,0.478512,0.718333,0.189675,1434,3077,4511,20.158347,23.9256
261,2011-09-18,Musim Gugur,2011,9,0,0,0,1,0.5075,0.490537,0.695,0.178483,1353,2921,4274,20.807499999999997,24.52685
262,2011-09-19,Musim Gugur,2011,9,0,1,1,2,0.549167,0.529675,0.69,0.151742,691,3848,4539,22.515846999999997,26.48375
263,2011-09-20,Musim Gugur,2011,9,0,2,1,2,0.561667,0.532217,0.88125,0.134954,438,3203,3641,23.028347,26.610850000000003
264,2011-09-21,Musim Gugur,2011,9,0,3,1,2,0.595,0.550533,0.9,0.0964042,539,3813,4352,24.395,27.526650000000004
265,2011-09-22,Musim Gugur,2011,9,0,4,1,2,0.628333,0.554963,0.902083,0.128125,555,4240,4795,25.761653000000003,27.74815
266,2011-09-23,Musim Dingin,2011,9,0,5,1,2,0.609167,0.522125,0.9725,0.0783667,258,2137,2395,24.975847,26.106249999999996
267,2011-09-24,Musim Dingin,2011,9,0,6,0,2,0.606667,0.564412,0.8625,0.0783833,1776,3647,5423,24.873347,28.2206
268,2011-09-25,Musim Dingin,2011,9,0,0,0,2,0.634167,0.572637,0.845,0.0503792,1544,3466,5010,26.000847,28.631849999999996
269,2011-09-26,Musim Dingin,2011,9,0,1,1,2,0.649167,0.589042,0.848333,0.1107,684,3946,4630,26.615847000000002,29.452099999999998
270,2011-09-27,Musim Dingin,2011,9,0,2,1,2,0.636667,0.574525,0.885417,0.118171,477,3643,4120,26.103347,28.726249999999997
271,2011-09-28,Musim Dingin,2011,9,0,3,1,2,0.635,0.575158,0.84875,0.148629,480,3427,3907,26.035,28.757899999999996
272,2011-09-29,Musim Dingin,2011,9,0,4,1,1,0.616667,0.574512,0.699167,0.172883,653,4186,4839,25.283347,28.7256
273,2011-09-30,Musim Dingin,2011,9,0,5,1,1,0.564167,0.544829,0.6475,0.206475,830,4372,5202,23.130847,27.24145
274,2011-10-01,Musim Dingin,2011,10,0,6,0,2,0.41,0.412863,0.75375,0.292296,480,1949,2429,16.81,20.64315
275,2011-10-02,Musim Dingin,2011,10,0,0,0,2,0.356667,0.345317,0.791667,0.222013,616,2302,2918,14.623347,17.26585
276,2011-10-03,Musim Dingin,2011,10,0,1,1,2,0.384167,0.392046,0.760833,0.0833458,330,3240,3570,15.750846999999998,19.6023
277,2011-10-04,Musim Dingin,2011,10,0,2,1,1,0.484167,0.472858,0.71,0.205854,486,3970,4456,19.850847,23.6429
278,2011-10-05,Musim Dingin,2011,10,0,3,1,1,0.538333,0.527138,0.647917,0.17725,559,4267,4826,22.071652999999998,26.3569
279,2011-10-06,Musim Dingin,2011,10,0,4,1,1,0.494167,0.480425,0.620833,0.134954,639,4126,4765,20.260847000000002,24.02125
280,2011-10-07,Musim Dingin,2011,10,0,5,1,1,0.510833,0.504404,0.684167,0.0223917,949,4036,4985,20.944153,25.2202
281,2011-10-08,Musim Dingin,2011,10,0,6,0,1,0.521667,0.513242,0.70125,0.0454042,2235,3174,5409,21.388347,25.6621
282,2011-10-09,Musim Dingin,2011,10,0,0,0,1,0.540833,0.523983,0.7275,0.06345,2397,3114,5511,22.174153,26.19915
283,2011-10-10,Musim Dingin,2011,10,1,1,0,1,0.570833,0.542925,0.73375,0.0423042,1514,3603,5117,23.404153,27.14625
284,2011-10-11,Musim Dingin,2011,10,0,2,1,2,0.566667,0.546096,0.80875,0.143042,667,3896,4563,23.233347000000002,27.3048
285,2011-10-12,Musim Dingin,2011,10,0,3,1,3,0.543333,0.517717,0.90625,0.24815,217,2199,2416,22.276653,25.885849999999998
286,2011-10-13,Musim Dingin,2011,10,0,4,1,2,0.589167,0.551804,0.896667,0.141787,290,2623,2913,24.155847,27.5902
287,2011-10-14,Musim Dingin,2011,10,0,5,1,2,0.550833,0.529675,0.71625,0.223883,529,3115,3644,22.584153,26.48375
288,2011-10-15,Musim Dingin,2011,10,0,6,0,1,0.506667,0.498725,0.483333,0.258083,1899,3318,5217,20.773346999999998,24.936249999999998
289,2011-10-16,Musim Dingin,2011,10,0,0,0,1,0.511667,0.503154,0.486667,0.281717,1748,3293,5041,20.978347,25.1577
290,2011-10-17,Musim Dingin,2011,10,0,1,1,1,0.534167,0.510725,0.579583,0.175379,713,3857,4570,21.900847,25.53625
291,2011-10-18,Musim Dingin,2011,10,0,2,1,2,0.5325,0.522721,0.701667,0.110087,637,4111,4748,21.8325,26.13605
292,2011-10-19,Musim Dingin,2011,10,0,3,1,3,0.541739,0.513848,0.895217,0.243339,254,2170,2424,22.211299,25.6924
293,2011-10-20,Musim Dingin,2011,10,0,4,1,1,0.475833,0.466525,0.63625,0.422275,471,3724,4195,19.509153,23.32625
294,2011-10-21,Musim Dingin,2011,10,0,5,1,1,0.4275,0.423596,0.574167,0.221396,676,3628,4304,17.5275,21.1798
295,2011-10-22,Musim Dingin,2011,10,0,6,0,1,0.4225,0.425492,0.629167,0.0926667,1499,2809,4308,17.322499999999998,21.2746
296,2011-10-23,Musim Dingin,2011,10,0,0,0,1,0.421667,0.422333,0.74125,0.0995125,1619,2762,4381,17.288347,21.11665
297,2011-10-24,Musim Dingin,2011,10,0,1,1,1,0.463333,0.457067,0.772083,0.118792,699,3488,4187,18.996653,22.85335
298,2011-10-25,Musim Dingin,2011,10,0,2,1,1,0.471667,0.463375,0.622917,0.166658,695,3992,4687,19.338347,23.16875
299,2011-10-26,Musim Dingin,2011,10,0,3,1,2,0.484167,0.472846,0.720417,0.148642,404,3490,3894,19.850847,23.6423
300,2011-10-27,Musim Dingin,2011,10,0,4,1,2,0.47,0.457046,0.812917,0.197763,240,2419,2659,19.27,22.8523
301,2011-10-28,Musim Dingin,2011,10,0,5,1,2,0.330833,0.318812,0.585833,0.229479,456,3291,3747,13.564153,15.9406
302,2011-10-29,Musim Dingin,2011,10,0,6,0,3,0.254167,0.227913,0.8825,0.351371,57,570,627,10.420846999999998,11.39565
303,2011-10-30,Musim Dingin,2011,10,0,0,0,1,0.319167,0.321329,0.62375,0.176617,885,2446,3331,13.085847,16.06645
304,2011-10-31,Musim Dingin,2011,10,0,1,1,1,0.34,0.356063,0.703333,0.10635,362,3307,3669,13.940000000000001,17.803150000000002
305,2011-11-01,Musim Dingin,2011,11,0,2,1,1,0.400833,0.397088,0.68375,0.135571,410,3658,4068,16.434153,19.8544
306,2011-11-02,Musim Dingin,2011,11,0,3,1,1,0.3775,0.390133,0.71875,0.0820917,370,3816,4186,15.477500000000001,19.50665
307,2011-11-03,Musim Dingin,2011,11,0,4,1,1,0.408333,0.405921,0.702083,0.136817,318,3656,3974,16.741653,20.296049999999997
308,2011-11-04,Musim Dingin,2011,11,0,5,1,2,0.403333,0.403392,0.6225,0.271779,470,3576,4046,16.536653,20.1696
309,2011-11-05,Musim Dingin,2011,11,0,6,0,1,0.326667,0.323854,0.519167,0.189062,1156,2770,3926,13.393346999999999,16.1927
310,2011-11-06,Musim Dingin,2011,11,0,0,0,1,0.348333,0.362358,0.734583,0.0920542,952,2697,3649,14.281653,18.117900000000002
311,2011-11-07,Musim Dingin,2011,11,0,1,1,1,0.395,0.400871,0.75875,0.057225,373,3662,4035,16.195,20.04355
312,2011-11-08,Musim Dingin,2011,11,0,2,1,1,0.408333,0.412246,0.721667,0.0690375,376,3829,4205,16.741653,20.6123
313,2011-11-09,Musim Dingin,2011,11,0,3,1,1,0.4,0.409079,0.758333,0.0621958,305,3804,4109,16.400000000000002,20.453950000000003
314,2011-11-10,Musim Dingin,2011,11,0,4,1,2,0.38,0.373721,0.813333,0.189067,190,2743,2933,15.58,18.68605
315,2011-11-11,Musim Dingin,2011,11,1,5,0,1,0.324167,0.306817,0.44625,0.314675,440,2928,3368,13.290847,15.34085
316,2011-11-12,Musim Dingin,2011,11,0,6,0,1,0.356667,0.357942,0.552917,0.212062,1275,2792,4067,14.623347,17.8971
317,2011-11-13,Musim Dingin,2011,11,0,0,0,1,0.440833,0.43055,0.458333,0.281721,1004,2713,3717,18.074153,21.5275
318,2011-11-14,Musim Dingin,2011,11,0,1,1,1,0.53,0.524612,0.587083,0.306596,595,3891,4486,21.73,26.2306
319,2011-11-15,Musim Dingin,2011,11,0,2,1,2,0.53,0.507579,0.68875,0.199633,449,3746,4195,21.73,25.37895
320,2011-11-16,Musim Dingin,2011,11,0,3,1,3,0.456667,0.451988,0.93,0.136829,145,1672,1817,18.723347,22.5994
321,2011-11-17,Musim Dingin,2011,11,0,4,1,2,0.341667,0.323221,0.575833,0.305362,139,2914,3053,14.008347,16.16105
322,2011-11-18,Musim Dingin,2011,11,0,5,1,1,0.274167,0.272721,0.41,0.168533,245,3147,3392,11.240847,13.63605
323,2011-11-19,Musim Dingin,2011,11,0,6,0,1,0.329167,0.324483,0.502083,0.224496,943,2720,3663,13.495847,16.22415
324,2011-11-20,Musim Dingin,2011,11,0,0,0,2,0.463333,0.457058,0.684583,0.18595,787,2733,3520,18.996653,22.8529
325,2011-11-21,Musim Dingin,2011,11,0,1,1,3,0.4475,0.445062,0.91,0.138054,220,2545,2765,18.3475,22.2531
326,2011-11-22,Musim Dingin,2011,11,0,2,1,3,0.416667,0.421696,0.9625,0.118792,69,1538,1607,17.083347,21.0848
327,2011-11-23,Musim Dingin,2011,11,0,3,1,2,0.440833,0.430537,0.757917,0.335825,112,2454,2566,18.074153,21.52685
328,2011-11-24,Musim Dingin,2011,11,1,4,0,1,0.373333,0.372471,0.549167,0.167304,560,935,1495,15.306653,18.62355
329,2011-11-25,Musim Dingin,2011,11,0,5,1,1,0.375,0.380671,0.64375,0.0988958,1095,1697,2792,15.375,19.033549999999998
330,2011-11-26,Musim Dingin,2011,11,0,6,0,1,0.375833,0.385087,0.681667,0.0684208,1249,1819,3068,15.409152999999998,19.254350000000002
331,2011-11-27,Musim Dingin,2011,11,0,0,0,1,0.459167,0.4558,0.698333,0.208954,810,2261,3071,18.825847,22.79
332,2011-11-28,Musim Dingin,2011,11,0,1,1,1,0.503478,0.490122,0.743043,0.142122,253,3614,3867,20.642598,24.5061
333,2011-11-29,Musim Dingin,2011,11,0,2,1,2,0.458333,0.451375,0.830833,0.258092,96,2818,2914,18.791653,22.56875
334,2011-11-30,Musim Dingin,2011,11,0,3,1,1,0.325,0.311221,0.613333,0.271158,188,3425,3613,13.325000000000001,15.561050000000002
335,2011-12-01,Musim Dingin,2011,12,0,4,1,1,0.3125,0.305554,0.524583,0.220158,182,3545,3727,12.8125,15.2777
336,2011-12-02,Musim Dingin,2011,12,0,5,1,1,0.314167,0.331433,0.625833,0.100754,268,3672,3940,12.880847,16.571649999999998
337,2011-12-03,Musim Dingin,2011,12,0,6,0,1,0.299167,0.310604,0.612917,0.0957833,706,2908,3614,12.265847,15.530199999999999
338,2011-12-04,Musim Dingin,2011,12,0,0,0,1,0.330833,0.3491,0.775833,0.0839583,634,2851,3485,13.564153,17.455000000000002
339,2011-12-05,Musim Dingin,2011,12,0,1,1,2,0.385833,0.393925,0.827083,0.0622083,233,3578,3811,15.819153,19.696250000000003
340,2011-12-06,Musim Dingin,2011,12,0,2,1,3,0.4625,0.4564,0.949583,0.232583,126,2468,2594,18.962500000000002,22.82
341,2011-12-07,Musim Dingin,2011,12,0,3,1,3,0.41,0.400246,0.970417,0.266175,50,655,705,16.81,20.0123
342,2011-12-08,Musim Dingin,2011,12,0,4,1,1,0.265833,0.256938,0.58,0.240058,150,3172,3322,10.899153,12.8469
343,2011-12-09,Musim Dingin,2011,12,0,5,1,1,0.290833,0.317542,0.695833,0.0827167,261,3359,3620,11.924153,15.877099999999999
344,2011-12-10,Musim Dingin,2011,12,0,6,0,1,0.275,0.266412,0.5075,0.233221,502,2688,3190,11.275,13.320599999999999
345,2011-12-11,Musim Dingin,2011,12,0,0,0,1,0.220833,0.253154,0.49,0.0665417,377,2366,2743,9.054153,12.6577
346,2011-12-12,Musim Dingin,2011,12,0,1,1,1,0.238333,0.270196,0.670833,0.06345,143,3167,3310,9.771652999999999,13.5098
347,2011-12-13,Musim Dingin,2011,12,0,2,1,1,0.2825,0.301138,0.59,0.14055,155,3368,3523,11.5825,15.0569
348,2011-12-14,Musim Dingin,2011,12,0,3,1,2,0.3175,0.338362,0.66375,0.0609583,178,3562,3740,13.0175,16.9181
349,2011-12-15,Musim Dingin,2011,12,0,4,1,2,0.4225,0.412237,0.634167,0.268042,181,3528,3709,17.322499999999998,20.61185
350,2011-12-16,Musim Dingin,2011,12,0,5,1,2,0.375,0.359825,0.500417,0.260575,178,3399,3577,15.375,17.99125
351,2011-12-17,Musim Dingin,2011,12,0,6,0,2,0.258333,0.249371,0.560833,0.243167,275,2464,2739,10.591652999999999,12.46855
352,2011-12-18,Musim Dingin,2011,12,0,0,0,1,0.238333,0.245579,0.58625,0.169779,220,2211,2431,9.771652999999999,12.27895
353,2011-12-19,Musim Dingin,2011,12,0,1,1,1,0.276667,0.280933,0.6375,0.172896,260,3143,3403,11.343347,14.04665
354,2011-12-20,Musim Dingin,2011,12,0,2,1,2,0.385833,0.396454,0.595417,0.0615708,216,3534,3750,15.819153,19.822699999999998
355,2011-12-21,Musim Semi,2011,12,0,3,1,2,0.428333,0.428017,0.858333,0.2214,107,2553,2660,17.561653,21.40085
356,2011-12-22,Musim Semi,2011,12,0,4,1,2,0.423333,0.426121,0.7575,0.047275,227,2841,3068,17.356653,21.306050000000003
357,2011-12-23,Musim Semi,2011,12,0,5,1,1,0.373333,0.377513,0.68625,0.274246,163,2046,2209,15.306653,18.87565
358,2011-12-24,Musim Semi,2011,12,0,6,0,1,0.3025,0.299242,0.5425,0.190304,155,856,1011,12.4025,14.9621
359,2011-12-25,Musim Semi,2011,12,0,0,0,1,0.274783,0.279961,0.681304,0.155091,303,451,754,11.266103,13.998050000000001
360,2011-12-26,Musim Semi,2011,12,1,1,0,1,0.321739,0.315535,0.506957,0.239465,430,887,1317,13.191299,15.77675
361,2011-12-27,Musim Semi,2011,12,0,2,1,2,0.325,0.327633,0.7625,0.18845,103,1059,1162,13.325000000000001,16.38165
362,2011-12-28,Musim Semi,2011,12,0,3,1,1,0.29913,0.279974,0.503913,0.293961,255,2047,2302,12.264330000000001,13.9987
363,2011-12-29,Musim Semi,2011,12,0,4,1,1,0.248333,0.263892,0.574167,0.119412,254,2169,2423,10.181653,13.194600000000001
364,2011-12-30,Musim Semi,2011,12,0,5,1,1,0.311667,0.318812,0.636667,0.134337,491,2508,2999,12.778347000000002,15.9406
365,2011-12-31,Musim Semi,2011,12,0,6,0,1,0.41,0.414121,0.615833,0.220154,665,1820,2485,16.81,20.70605
366,2012-01-01,Musim Semi,2012,1,0,0,0,1,0.37,0.375621,0.6925,0.192167,686,1608,2294,15.17,18.78105
367,2012-01-02,Musim Semi,2012,1,1,1,0,1,0.273043,0.252304,0.381304,0.329665,244,1707,1951,11.194763,12.615199999999998
368,2012-01-03,Musim Semi,2012,1,0,2,1,1,0.15,0.126275,0.44125,0.365671,89,2147,2236,6.1499999999999995,6.31375
369,2012-01-04,Musim Semi,2012,1,0,3,1,2,0.1075,0.119337,0.414583,0.1847,95,2273,2368,4.4075,5.96685
370,2012-01-05,Musim Semi,2012,1,0,4,1,1,0.265833,0.278412,0.524167,0.129987,140,3132,3272,10.899153,13.9206
371,2012-01-06,Musim Semi,2012,1,0,5,1,1,0.334167,0.340267,0.542083,0.167908,307,3791,4098,13.700847,17.01335
372,2012-01-07,Musim Semi,2012,1,0,6,0,1,0.393333,0.390779,0.531667,0.174758,1070,3451,4521,16.126653,19.53895
373,2012-01-08,Musim Semi,2012,1,0,0,0,1,0.3375,0.340258,0.465,0.191542,599,2826,3425,13.8375,17.012900000000002
374,2012-01-09,Musim Semi,2012,1,0,1,1,2,0.224167,0.247479,0.701667,0.0989,106,2270,2376,9.190847,12.37395
375,2012-01-10,Musim Semi,2012,1,0,2,1,1,0.308696,0.318826,0.646522,0.187552,173,3425,3598,12.656536000000001,15.9413
376,2012-01-11,Musim Semi,2012,1,0,3,1,2,0.274167,0.282821,0.8475,0.131221,92,2085,2177,11.240847,14.14105
377,2012-01-12,Musim Semi,2012,1,0,4,1,2,0.3825,0.381938,0.802917,0.180967,269,3828,4097,15.682500000000001,19.0969
378,2012-01-13,Musim Semi,2012,1,0,5,1,1,0.274167,0.249362,0.5075,0.378108,174,3040,3214,11.240847,12.4681
379,2012-01-14,Musim Semi,2012,1,0,6,0,1,0.18,0.183087,0.4575,0.187183,333,2160,2493,7.38,9.15435
380,2012-01-15,Musim Semi,2012,1,0,0,0,1,0.166667,0.161625,0.419167,0.251258,284,2027,2311,6.833347000000001,8.081249999999999
381,2012-01-16,Musim Semi,2012,1,1,1,0,1,0.19,0.190663,0.5225,0.231358,217,2081,2298,7.79,9.53315
382,2012-01-17,Musim Semi,2012,1,0,2,1,2,0.373043,0.364278,0.716087,0.34913,127,2808,2935,15.294763,18.2139
383,2012-01-18,Musim Semi,2012,1,0,3,1,1,0.303333,0.275254,0.443333,0.415429,109,3267,3376,12.436653000000002,13.7627
384,2012-01-19,Musim Semi,2012,1,0,4,1,1,0.19,0.190038,0.4975,0.220158,130,3162,3292,7.79,9.501900000000001
385,2012-01-20,Musim Semi,2012,1,0,5,1,2,0.2175,0.220958,0.45,0.20275,115,3048,3163,8.9175,11.047899999999998
386,2012-01-21,Musim Semi,2012,1,0,6,0,2,0.173333,0.174875,0.83125,0.222642,67,1234,1301,7.106653,8.74375
387,2012-01-22,Musim Semi,2012,1,0,0,0,2,0.1625,0.16225,0.79625,0.199638,196,1781,1977,6.6625000000000005,8.1125
388,2012-01-23,Musim Semi,2012,1,0,1,1,2,0.218333,0.243058,0.91125,0.110708,145,2287,2432,8.951653,12.152899999999999
389,2012-01-24,Musim Semi,2012,1,0,2,1,1,0.3425,0.349108,0.835833,0.123767,439,3900,4339,14.0425,17.455399999999997
390,2012-01-25,Musim Semi,2012,1,0,3,1,1,0.294167,0.294821,0.64375,0.161071,467,3803,4270,12.060847,14.74105
391,2012-01-26,Musim Semi,2012,1,0,4,1,2,0.341667,0.35605,0.769583,0.0733958,244,3831,4075,14.008347,17.8025
392,2012-01-27,Musim Semi,2012,1,0,5,1,2,0.425,0.415383,0.74125,0.342667,269,3187,3456,17.425,20.76915
393,2012-01-28,Musim Semi,2012,1,0,6,0,1,0.315833,0.326379,0.543333,0.210829,775,3248,4023,12.949152999999999,16.318949999999997
394,2012-01-29,Musim Semi,2012,1,0,0,0,1,0.2825,0.272721,0.31125,0.24005,558,2685,3243,11.5825,13.63605
395,2012-01-30,Musim Semi,2012,1,0,1,1,1,0.269167,0.262625,0.400833,0.215792,126,3498,3624,11.035847,13.13125
396,2012-01-31,Musim Semi,2012,1,0,2,1,1,0.39,0.381317,0.416667,0.261817,324,4185,4509,15.99,19.06585
397,2012-02-01,Musim Semi,2012,2,0,3,1,1,0.469167,0.466538,0.507917,0.189067,304,4275,4579,19.235847,23.326900000000002
398,2012-02-02,Musim Semi,2012,2,0,4,1,2,0.399167,0.398971,0.672917,0.187187,190,3571,3761,16.365847,19.94855
399,2012-02-03,Musim Semi,2012,2,0,5,1,1,0.313333,0.309346,0.526667,0.178496,310,3841,4151,12.846652999999998,15.4673
400,2012-02-04,Musim Semi,2012,2,0,6,0,2,0.264167,0.272725,0.779583,0.121896,384,2448,2832,10.830846999999999,13.63625
401,2012-02-05,Musim Semi,2012,2,0,0,0,2,0.265833,0.264521,0.687917,0.175996,318,2629,2947,10.899153,13.22605
402,2012-02-06,Musim Semi,2012,2,0,1,1,1,0.282609,0.296426,0.622174,0.1538,206,3578,3784,11.586969,14.8213
403,2012-02-07,Musim Semi,2012,2,0,2,1,1,0.354167,0.361104,0.49625,0.147379,199,4176,4375,14.520847,18.0552
404,2012-02-08,Musim Semi,2012,2,0,3,1,2,0.256667,0.266421,0.722917,0.133721,109,2693,2802,10.523347,13.321050000000001
405,2012-02-09,Musim Semi,2012,2,0,4,1,1,0.265,0.261988,0.562083,0.194037,163,3667,3830,10.865,13.0994
406,2012-02-10,Musim Semi,2012,2,0,5,1,2,0.280833,0.293558,0.54,0.116929,227,3604,3831,11.514153,14.6779
407,2012-02-11,Musim Semi,2012,2,0,6,0,3,0.224167,0.210867,0.73125,0.289796,192,1977,2169,9.190847,10.54335
408,2012-02-12,Musim Semi,2012,2,0,0,0,1,0.1275,0.101658,0.464583,0.409212,73,1456,1529,5.2275,5.0828999999999995
409,2012-02-13,Musim Semi,2012,2,0,1,1,1,0.2225,0.227913,0.41125,0.167283,94,3328,3422,9.1225,11.39565
410,2012-02-14,Musim Semi,2012,2,0,2,1,2,0.319167,0.333946,0.50875,0.141179,135,3787,3922,13.085847,16.697300000000002
411,2012-02-15,Musim Semi,2012,2,0,3,1,1,0.348333,0.351629,0.53125,0.1816,141,4028,4169,14.281653,17.58145
412,2012-02-16,Musim Semi,2012,2,0,4,1,2,0.316667,0.330162,0.752917,0.091425,74,2931,3005,12.983346999999998,16.5081
413,2012-02-17,Musim Semi,2012,2,0,5,1,1,0.343333,0.351629,0.634583,0.205846,349,3805,4154,14.076653,17.58145
414,2012-02-18,Musim Semi,2012,2,0,6,0,1,0.346667,0.355425,0.534583,0.190929,1435,2883,4318,14.213347,17.77125
415,2012-02-19,Musim Semi,2012,2,0,0,0,2,0.28,0.265788,0.515833,0.253112,618,2071,2689,11.48,13.2894
416,2012-02-20,Musim Semi,2012,2,1,1,0,1,0.28,0.273391,0.507826,0.229083,502,2627,3129,11.48,13.66955
417,2012-02-21,Musim Semi,2012,2,0,2,1,1,0.287826,0.295113,0.594348,0.205717,163,3614,3777,11.800866000000001,14.755650000000001
418,2012-02-22,Musim Semi,2012,2,0,3,1,1,0.395833,0.392667,0.567917,0.234471,394,4379,4773,16.229153,19.63335
419,2012-02-23,Musim Semi,2012,2,0,4,1,1,0.454167,0.444446,0.554583,0.190913,516,4546,5062,18.620846999999998,22.2223
420,2012-02-24,Musim Semi,2012,2,0,5,1,2,0.4075,0.410971,0.7375,0.237567,246,3241,3487,16.7075,20.54855
421,2012-02-25,Musim Semi,2012,2,0,6,0,1,0.290833,0.255675,0.395833,0.421642,317,2415,2732,11.924153,12.78375
422,2012-02-26,Musim Semi,2012,2,0,0,0,1,0.279167,0.268308,0.41,0.205229,515,2874,3389,11.445847,13.4154
423,2012-02-27,Musim Semi,2012,2,0,1,1,1,0.366667,0.357954,0.490833,0.268033,253,4069,4322,15.033347000000001,17.8977
424,2012-02-28,Musim Semi,2012,2,0,2,1,1,0.359167,0.353525,0.395833,0.193417,229,4134,4363,14.725847,17.67625
425,2012-02-29,Musim Semi,2012,2,0,3,1,2,0.344348,0.34847,0.804783,0.179117,65,1769,1834,14.118267999999999,17.4235
426,2012-03-01,Musim Semi,2012,3,0,4,1,1,0.485833,0.475371,0.615417,0.226987,325,4665,4990,19.919153,23.768549999999998
427,2012-03-02,Musim Semi,2012,3,0,5,1,2,0.353333,0.359842,0.657083,0.144904,246,2948,3194,14.486653,17.9921
428,2012-03-03,Musim Semi,2012,3,0,6,0,2,0.414167,0.413492,0.62125,0.161079,956,3110,4066,16.980847,20.6746
429,2012-03-04,Musim Semi,2012,3,0,0,0,1,0.325833,0.303021,0.403333,0.334571,710,2713,3423,13.359153,15.15105
430,2012-03-05,Musim Semi,2012,3,0,1,1,1,0.243333,0.241171,0.50625,0.228858,203,3130,3333,9.976652999999999,12.05855
431,2012-03-06,Musim Semi,2012,3,0,2,1,1,0.258333,0.255042,0.456667,0.200875,221,3735,3956,10.591652999999999,12.752099999999999
432,2012-03-07,Musim Semi,2012,3,0,3,1,1,0.404167,0.3851,0.513333,0.345779,432,4484,4916,16.570847,19.255
433,2012-03-08,Musim Semi,2012,3,0,4,1,1,0.5275,0.524604,0.5675,0.441563,486,4896,5382,21.627499999999998,26.230199999999996
434,2012-03-09,Musim Semi,2012,3,0,5,1,2,0.410833,0.397083,0.407083,0.4148,447,4122,4569,16.844153,19.85415
435,2012-03-10,Musim Semi,2012,3,0,6,0,1,0.2875,0.277767,0.350417,0.22575,968,3150,4118,11.7875,13.888349999999999
436,2012-03-11,Musim Semi,2012,3,0,0,0,1,0.361739,0.35967,0.476957,0.222587,1658,3253,4911,14.831299,17.9835
437,2012-03-12,Musim Semi,2012,3,0,1,1,1,0.466667,0.459592,0.489167,0.207713,838,4460,5298,19.133347,22.9796
438,2012-03-13,Musim Semi,2012,3,0,2,1,1,0.565,0.542929,0.6175,0.23695,762,5085,5847,23.165,27.14645
439,2012-03-14,Musim Semi,2012,3,0,3,1,1,0.5725,0.548617,0.507083,0.115062,997,5315,6312,23.4725,27.43085
440,2012-03-15,Musim Semi,2012,3,0,4,1,1,0.5575,0.532825,0.579583,0.149883,1005,5187,6192,22.857499999999998,26.64125
441,2012-03-16,Musim Semi,2012,3,0,5,1,2,0.435833,0.436229,0.842083,0.113192,548,3830,4378,17.869153,21.81145
442,2012-03-17,Musim Semi,2012,3,0,6,0,2,0.514167,0.505046,0.755833,0.110704,3155,4681,7836,21.080847000000002,25.252299999999998
443,2012-03-18,Musim Semi,2012,3,0,0,0,2,0.4725,0.464,0.81,0.126883,2207,3685,5892,19.3725,23.200000000000003
444,2012-03-19,Musim Semi,2012,3,0,1,1,1,0.545,0.532821,0.72875,0.162317,982,5171,6153,22.345000000000002,26.64105
445,2012-03-20,Musim Semi,2012,3,0,2,1,1,0.560833,0.538533,0.807917,0.121271,1051,5042,6093,22.994153,26.926650000000002
446,2012-03-21,Musim Panas,2012,3,0,3,1,2,0.531667,0.513258,0.82125,0.0895583,1122,5108,6230,21.798347,25.6629
447,2012-03-22,Musim Panas,2012,3,0,4,1,1,0.554167,0.531567,0.83125,0.117562,1334,5537,6871,22.720847,26.57835
448,2012-03-23,Musim Panas,2012,3,0,5,1,2,0.601667,0.570067,0.694167,0.1163,2469,5893,8362,24.668346999999997,28.50335
449,2012-03-24,Musim Panas,2012,3,0,6,0,2,0.5025,0.486733,0.885417,0.192783,1033,2339,3372,20.6025,24.336650000000002
450,2012-03-25,Musim Panas,2012,3,0,0,0,2,0.4375,0.437488,0.880833,0.220775,1532,3464,4996,17.9375,21.874399999999998
451,2012-03-26,Musim Panas,2012,3,0,1,1,1,0.445833,0.43875,0.477917,0.386821,795,4763,5558,18.279153,21.9375
452,2012-03-27,Musim Panas,2012,3,0,2,1,1,0.323333,0.315654,0.29,0.187192,531,4571,5102,13.256653,15.7827
453,2012-03-28,Musim Panas,2012,3,0,3,1,1,0.484167,0.47095,0.48125,0.291671,674,5024,5698,19.850847,23.5475
454,2012-03-29,Musim Panas,2012,3,0,4,1,1,0.494167,0.482304,0.439167,0.31965,834,5299,6133,20.260847000000002,24.1152
455,2012-03-30,Musim Panas,2012,3,0,5,1,2,0.37,0.375621,0.580833,0.138067,796,4663,5459,15.17,18.78105
456,2012-03-31,Musim Panas,2012,3,0,6,0,2,0.424167,0.421708,0.738333,0.250617,2301,3934,6235,17.390847,21.0854
457,2012-04-01,Musim Panas,2012,4,0,0,0,2,0.425833,0.417287,0.67625,0.172267,2347,3694,6041,17.459153,20.86435
458,2012-04-02,Musim Panas,2012,4,0,1,1,1,0.433913,0.427513,0.504348,0.312139,1208,4728,5936,17.790433,21.37565
459,2012-04-03,Musim Panas,2012,4,0,2,1,1,0.466667,0.461483,0.396667,0.100133,1348,5424,6772,19.133347,23.07415
460,2012-04-04,Musim Panas,2012,4,0,3,1,1,0.541667,0.53345,0.469583,0.180975,1058,5378,6436,22.208347,26.6725
461,2012-04-05,Musim Panas,2012,4,0,4,1,1,0.435,0.431163,0.374167,0.219529,1192,5265,6457,17.835,21.55815
462,2012-04-06,Musim Panas,2012,4,0,5,1,1,0.403333,0.390767,0.377083,0.300388,1807,4653,6460,16.536653,19.538349999999998
463,2012-04-07,Musim Panas,2012,4,0,6,0,1,0.4375,0.426129,0.254167,0.274871,3252,3605,6857,17.9375,21.306449999999998
464,2012-04-08,Musim Panas,2012,4,0,0,0,1,0.5,0.492425,0.275833,0.232596,2230,2939,5169,20.5,24.62125
465,2012-04-09,Musim Panas,2012,4,0,1,1,1,0.489167,0.476638,0.3175,0.358196,905,4680,5585,20.055847,23.8319
466,2012-04-10,Musim Panas,2012,4,0,2,1,1,0.446667,0.436233,0.435,0.249375,819,5099,5918,18.313347,21.81165
467,2012-04-11,Musim Panas,2012,4,0,3,1,1,0.348696,0.337274,0.469565,0.295274,482,4380,4862,14.296536,16.8637
468,2012-04-12,Musim Panas,2012,4,0,4,1,1,0.3975,0.387604,0.46625,0.290429,663,4746,5409,16.2975,19.3802
469,2012-04-13,Musim Panas,2012,4,0,5,1,1,0.4425,0.431808,0.408333,0.155471,1252,5146,6398,18.142500000000002,21.590400000000002
470,2012-04-14,Musim Panas,2012,4,0,6,0,1,0.495,0.487996,0.502917,0.190917,2795,4665,7460,20.294999999999998,24.3998
471,2012-04-15,Musim Panas,2012,4,0,0,0,1,0.606667,0.573875,0.507917,0.225129,2846,4286,7132,24.873347,28.69375
472,2012-04-16,Musim Panas,2012,4,1,1,0,1,0.664167,0.614925,0.561667,0.284829,1198,5172,6370,27.230846999999997,30.746250000000003
473,2012-04-17,Musim Panas,2012,4,0,2,1,1,0.608333,0.598487,0.390417,0.273629,989,5702,6691,24.941653000000002,29.92435
474,2012-04-18,Musim Panas,2012,4,0,3,1,2,0.463333,0.457038,0.569167,0.167912,347,4020,4367,18.996653,22.8519
475,2012-04-19,Musim Panas,2012,4,0,4,1,1,0.498333,0.493046,0.6125,0.0659292,846,5719,6565,20.431653,24.6523
476,2012-04-20,Musim Panas,2012,4,0,5,1,1,0.526667,0.515775,0.694583,0.149871,1340,5950,7290,21.593347,25.78875
477,2012-04-21,Musim Panas,2012,4,0,6,0,1,0.57,0.542921,0.682917,0.283587,2541,4083,6624,23.369999999999997,27.14605
478,2012-04-22,Musim Panas,2012,4,0,0,0,3,0.396667,0.389504,0.835417,0.344546,120,907,1027,16.263347,19.4752
479,2012-04-23,Musim Panas,2012,4,0,1,1,2,0.321667,0.301125,0.766667,0.303496,195,3019,3214,13.188346999999998,15.056249999999999
480,2012-04-24,Musim Panas,2012,4,0,2,1,1,0.413333,0.405283,0.454167,0.249383,518,5115,5633,16.946653,20.26415
481,2012-04-25,Musim Panas,2012,4,0,3,1,1,0.476667,0.470317,0.427917,0.118792,655,5541,6196,19.543347,23.51585
482,2012-04-26,Musim Panas,2012,4,0,4,1,2,0.498333,0.483583,0.756667,0.176625,475,4551,5026,20.431653,24.17915
483,2012-04-27,Musim Panas,2012,4,0,5,1,1,0.4575,0.452637,0.400833,0.347633,1014,5219,6233,18.7575,22.63185
484,2012-04-28,Musim Panas,2012,4,0,6,0,2,0.376667,0.377504,0.489583,0.129975,1120,3100,4220,15.443347,18.8752
485,2012-04-29,Musim Panas,2012,4,0,0,0,1,0.458333,0.450121,0.587083,0.116908,2229,4075,6304,18.791653,22.50605
486,2012-04-30,Musim Panas,2012,4,0,1,1,2,0.464167,0.457696,0.57,0.171638,665,4907,5572,19.030847,22.8848
487,2012-05-01,Musim Panas,2012,5,0,2,1,2,0.613333,0.577021,0.659583,0.156096,653,5087,5740,25.146653,28.85105
488,2012-05-02,Musim Panas,2012,5,0,3,1,1,0.564167,0.537896,0.797083,0.138058,667,5502,6169,23.130847,26.894800000000004
489,2012-05-03,Musim Panas,2012,5,0,4,1,2,0.56,0.537242,0.768333,0.133696,764,5657,6421,22.96,26.862099999999998
490,2012-05-04,Musim Panas,2012,5,0,5,1,1,0.6275,0.590917,0.735417,0.162938,1069,5227,6296,25.7275,29.54585
491,2012-05-05,Musim Panas,2012,5,0,6,0,2,0.621667,0.584608,0.756667,0.152992,2496,4387,6883,25.488346999999997,29.2304
492,2012-05-06,Musim Panas,2012,5,0,0,0,2,0.5625,0.546737,0.74,0.149879,2135,4224,6359,23.0625,27.336850000000002
493,2012-05-07,Musim Panas,2012,5,0,1,1,2,0.5375,0.527142,0.664167,0.230721,1008,5265,6273,22.037499999999998,26.3571
494,2012-05-08,Musim Panas,2012,5,0,2,1,2,0.581667,0.557471,0.685833,0.296029,738,4990,5728,23.848347,27.87355
495,2012-05-09,Musim Panas,2012,5,0,3,1,2,0.575,0.553025,0.744167,0.216412,620,4097,4717,23.575,27.65125
496,2012-05-10,Musim Panas,2012,5,0,4,1,1,0.505833,0.491783,0.552083,0.314063,1026,5546,6572,20.739152999999998,24.58915
497,2012-05-11,Musim Panas,2012,5,0,5,1,1,0.533333,0.520833,0.360417,0.236937,1319,5711,7030,21.866653,26.04165
498,2012-05-12,Musim Panas,2012,5,0,6,0,1,0.564167,0.544817,0.480417,0.123133,2622,4807,7429,23.130847,27.24085
499,2012-05-13,Musim Panas,2012,5,0,0,0,1,0.6125,0.585238,0.57625,0.225117,2172,3946,6118,25.1125,29.2619
500,2012-05-14,Musim Panas,2012,5,0,1,1,2,0.573333,0.5499,0.789583,0.212692,342,2501,2843,23.506653,27.495000000000005
501,2012-05-15,Musim Panas,2012,5,0,2,1,2,0.611667,0.576404,0.794583,0.147392,625,4490,5115,25.078346999999997,28.8202
502,2012-05-16,Musim Panas,2012,5,0,3,1,1,0.636667,0.595975,0.697917,0.122512,991,6433,7424,26.103347,29.798750000000002
503,2012-05-17,Musim Panas,2012,5,0,4,1,1,0.593333,0.572613,0.52,0.229475,1242,6142,7384,24.326653,28.630650000000003
504,2012-05-18,Musim Panas,2012,5,0,5,1,1,0.564167,0.551121,0.523333,0.136817,1521,6118,7639,23.130847,27.55605
505,2012-05-19,Musim Panas,2012,5,0,6,0,1,0.6,0.566908,0.45625,0.083975,3410,4884,8294,24.599999999999998,28.345399999999998
506,2012-05-20,Musim Panas,2012,5,0,0,0,1,0.620833,0.583967,0.530417,0.254367,2704,4425,7129,25.454152999999998,29.19835
507,2012-05-21,Musim Panas,2012,5,0,1,1,2,0.598333,0.565667,0.81125,0.233204,630,3729,4359,24.531653,28.283350000000002
508,2012-05-22,Musim Panas,2012,5,0,2,1,2,0.615,0.580825,0.765833,0.118167,819,5254,6073,25.215,29.04125
509,2012-05-23,Musim Panas,2012,5,0,3,1,2,0.621667,0.584612,0.774583,0.102,766,4494,5260,25.488346999999997,29.230600000000003
510,2012-05-24,Musim Panas,2012,5,0,4,1,1,0.655,0.6067,0.716667,0.172896,1059,5711,6770,26.855,30.335
511,2012-05-25,Musim Panas,2012,5,0,5,1,1,0.68,0.627529,0.747083,0.14055,1417,5317,6734,27.880000000000003,31.37645
512,2012-05-26,Musim Panas,2012,5,0,6,0,1,0.6925,0.642696,0.7325,0.198992,2855,3681,6536,28.392500000000002,32.134800000000006
513,2012-05-27,Musim Panas,2012,5,0,0,0,1,0.69,0.641425,0.697083,0.215171,3283,3308,6591,28.29,32.07125
514,2012-05-28,Musim Panas,2012,5,1,1,0,1,0.7125,0.6793,0.67625,0.196521,2557,3486,6043,29.212500000000002,33.965
515,2012-05-29,Musim Panas,2012,5,0,2,1,1,0.7225,0.672992,0.684583,0.2954,880,4863,5743,29.622500000000002,33.6496
516,2012-05-30,Musim Panas,2012,5,0,3,1,2,0.656667,0.611129,0.67,0.134329,745,6110,6855,26.923347,30.55645
517,2012-05-31,Musim Panas,2012,5,0,4,1,1,0.68,0.631329,0.492917,0.195279,1100,6238,7338,27.880000000000003,31.566450000000003
518,2012-06-01,Musim Panas,2012,6,0,5,1,2,0.654167,0.607962,0.755417,0.237563,533,3594,4127,26.820847,30.3981
519,2012-06-02,Musim Panas,2012,6,0,6,0,1,0.583333,0.566288,0.549167,0.186562,2795,5325,8120,23.916653,28.3144
520,2012-06-03,Musim Panas,2012,6,0,0,0,1,0.6025,0.575133,0.493333,0.184087,2494,5147,7641,24.7025,28.75665
521,2012-06-04,Musim Panas,2012,6,0,1,1,1,0.5975,0.578283,0.487083,0.284833,1071,5927,6998,24.497500000000002,28.91415
522,2012-06-05,Musim Panas,2012,6,0,2,1,2,0.540833,0.525892,0.613333,0.209575,968,6033,7001,22.174153,26.294600000000003
523,2012-06-06,Musim Panas,2012,6,0,3,1,1,0.554167,0.542292,0.61125,0.077125,1027,6028,7055,22.720847,27.1146
524,2012-06-07,Musim Panas,2012,6,0,4,1,1,0.6025,0.569442,0.567083,0.15735,1038,6456,7494,24.7025,28.4721
525,2012-06-08,Musim Panas,2012,6,0,5,1,1,0.649167,0.597862,0.467917,0.175383,1488,6248,7736,26.615847000000002,29.8931
526,2012-06-09,Musim Panas,2012,6,0,6,0,1,0.710833,0.648367,0.437083,0.144287,2708,4790,7498,29.144153000000003,32.418350000000004
527,2012-06-10,Musim Panas,2012,6,0,0,0,1,0.726667,0.663517,0.538333,0.133721,2224,4374,6598,29.793346999999997,33.175850000000004
528,2012-06-11,Musim Panas,2012,6,0,1,1,2,0.720833,0.659721,0.587917,0.207713,1017,5647,6664,29.554153,32.98605
529,2012-06-12,Musim Panas,2012,6,0,2,1,2,0.653333,0.597875,0.833333,0.214546,477,4495,4972,26.786653,29.89375
530,2012-06-13,Musim Panas,2012,6,0,3,1,1,0.655833,0.611117,0.582083,0.343279,1173,6248,7421,26.889153,30.55585
531,2012-06-14,Musim Panas,2012,6,0,4,1,1,0.648333,0.624383,0.569583,0.253733,1180,6183,7363,26.581653000000003,31.219150000000003
532,2012-06-15,Musim Panas,2012,6,0,5,1,1,0.639167,0.599754,0.589583,0.176617,1563,6102,7665,26.205847000000002,29.9877
533,2012-06-16,Musim Panas,2012,6,0,6,0,1,0.631667,0.594708,0.504167,0.166667,2963,4739,7702,25.898346999999998,29.735400000000002
534,2012-06-17,Musim Panas,2012,6,0,0,0,1,0.5925,0.571975,0.59875,0.144904,2634,4344,6978,24.2925,28.59875
535,2012-06-18,Musim Panas,2012,6,0,1,1,2,0.568333,0.544842,0.777917,0.174746,653,4446,5099,23.301652999999998,27.2421
536,2012-06-19,Musim Panas,2012,6,0,2,1,1,0.688333,0.654692,0.69,0.148017,968,5857,6825,28.221653,32.7346
537,2012-06-20,Musim Panas,2012,6,0,3,1,1,0.7825,0.720975,0.592083,0.113812,872,5339,6211,32.082499999999996,36.04875
538,2012-06-21,Musim Gugur,2012,6,0,4,1,1,0.805833,0.752542,0.567917,0.118787,778,5127,5905,33.039153,37.6271
539,2012-06-22,Musim Gugur,2012,6,0,5,1,1,0.7775,0.724121,0.57375,0.182842,964,4859,5823,31.877499999999998,36.20605
540,2012-06-23,Musim Gugur,2012,6,0,6,0,1,0.731667,0.652792,0.534583,0.179721,2657,4801,7458,29.998347,32.6396
541,2012-06-24,Musim Gugur,2012,6,0,0,0,1,0.743333,0.674254,0.479167,0.145525,2551,4340,6891,30.476653000000002,33.7127
542,2012-06-25,Musim Gugur,2012,6,0,1,1,1,0.715833,0.654042,0.504167,0.300383,1139,5640,6779,29.349153,32.7021
543,2012-06-26,Musim Gugur,2012,6,0,2,1,1,0.630833,0.594704,0.373333,0.347642,1077,6365,7442,25.864152999999998,29.7352
544,2012-06-27,Musim Gugur,2012,6,0,3,1,1,0.6975,0.640792,0.36,0.271775,1077,6258,7335,28.5975,32.0396
545,2012-06-28,Musim Gugur,2012,6,0,4,1,1,0.749167,0.675512,0.4225,0.17165,921,5958,6879,30.715847,33.7756
546,2012-06-29,Musim Gugur,2012,6,0,5,1,1,0.834167,0.786613,0.48875,0.165417,829,4634,5463,34.200847,39.33065
547,2012-06-30,Musim Gugur,2012,6,0,6,0,1,0.765,0.687508,0.60125,0.161071,1455,4232,5687,31.365000000000002,34.3754
548,2012-07-01,Musim Gugur,2012,7,0,0,0,1,0.815833,0.750629,0.51875,0.168529,1421,4110,5531,33.449153,37.53145
549,2012-07-02,Musim Gugur,2012,7,0,1,1,1,0.781667,0.702038,0.447083,0.195267,904,5323,6227,32.048347,35.1019
550,2012-07-03,Musim Gugur,2012,7,0,2,1,1,0.780833,0.70265,0.492083,0.126237,1052,5608,6660,32.014153,35.1325
551,2012-07-04,Musim Gugur,2012,7,1,3,0,1,0.789167,0.732337,0.53875,0.13495,2562,4841,7403,32.355847,36.61685
552,2012-07-05,Musim Gugur,2012,7,0,4,1,1,0.8275,0.761367,0.457917,0.194029,1405,4836,6241,33.9275,38.06835
553,2012-07-06,Musim Gugur,2012,7,0,5,1,1,0.828333,0.752533,0.450833,0.146142,1366,4841,6207,33.961653,37.62665
554,2012-07-07,Musim Gugur,2012,7,0,6,0,1,0.861667,0.804913,0.492083,0.163554,1448,3392,4840,35.328347,40.24565
555,2012-07-08,Musim Gugur,2012,7,0,0,0,1,0.8225,0.790396,0.57375,0.125629,1203,3469,4672,33.722500000000004,39.5198
556,2012-07-09,Musim Gugur,2012,7,0,1,1,2,0.710833,0.654054,0.683333,0.180975,998,5571,6569,29.144153000000003,32.7027
557,2012-07-10,Musim Gugur,2012,7,0,2,1,2,0.720833,0.664796,0.6675,0.151737,954,5336,6290,29.554153,33.2398
558,2012-07-11,Musim Gugur,2012,7,0,3,1,1,0.716667,0.650271,0.633333,0.151733,975,6289,7264,29.383347,32.51355
559,2012-07-12,Musim Gugur,2012,7,0,4,1,1,0.715833,0.654683,0.529583,0.146775,1032,6414,7446,29.349153,32.73415
560,2012-07-13,Musim Gugur,2012,7,0,5,1,2,0.731667,0.667933,0.485833,0.08085,1511,5988,7499,29.998347,33.39665
561,2012-07-14,Musim Gugur,2012,7,0,6,0,2,0.703333,0.666042,0.699167,0.143679,2355,4614,6969,28.836653,33.3021
562,2012-07-15,Musim Gugur,2012,7,0,0,0,1,0.745833,0.705196,0.717917,0.166667,1920,4111,6031,30.579152999999998,35.259800000000006
563,2012-07-16,Musim Gugur,2012,7,0,1,1,1,0.763333,0.724125,0.645,0.164187,1088,5742,6830,31.296653000000003,36.206250000000004
564,2012-07-17,Musim Gugur,2012,7,0,2,1,1,0.818333,0.755683,0.505833,0.114429,921,5865,6786,33.551653,37.78415
565,2012-07-18,Musim Gugur,2012,7,0,3,1,1,0.793333,0.745583,0.577083,0.137442,799,4914,5713,32.526652999999996,37.27915
566,2012-07-19,Musim Gugur,2012,7,0,4,1,1,0.77,0.714642,0.600417,0.165429,888,5703,6591,31.57,35.7321
567,2012-07-20,Musim Gugur,2012,7,0,5,1,2,0.665833,0.613025,0.844167,0.208967,747,5123,5870,27.299153,30.65125
568,2012-07-21,Musim Gugur,2012,7,0,6,0,3,0.595833,0.549912,0.865417,0.2133,1264,3195,4459,24.429153,27.495599999999996
569,2012-07-22,Musim Gugur,2012,7,0,0,0,2,0.6675,0.623125,0.7625,0.0939208,2544,4866,7410,27.3675,31.156250000000004
570,2012-07-23,Musim Gugur,2012,7,0,1,1,1,0.741667,0.690017,0.694167,0.138683,1135,5831,6966,30.408347,34.50085
571,2012-07-24,Musim Gugur,2012,7,0,2,1,1,0.750833,0.70645,0.655,0.211454,1140,6452,7592,30.784153,35.3225
572,2012-07-25,Musim Gugur,2012,7,0,3,1,1,0.724167,0.654054,0.45,0.1648,1383,6790,8173,29.690847,32.7027
573,2012-07-26,Musim Gugur,2012,7,0,4,1,1,0.776667,0.739263,0.596667,0.284813,1036,5825,6861,31.843347,36.96315
574,2012-07-27,Musim Gugur,2012,7,0,5,1,1,0.781667,0.734217,0.594583,0.152992,1259,5645,6904,32.048347,36.71085
575,2012-07-28,Musim Gugur,2012,7,0,6,0,1,0.755833,0.697604,0.613333,0.15735,2234,4451,6685,30.989152999999998,34.8802
576,2012-07-29,Musim Gugur,2012,7,0,0,0,1,0.721667,0.667933,0.62375,0.170396,2153,4444,6597,29.588347,33.39665
577,2012-07-30,Musim Gugur,2012,7,0,1,1,1,0.730833,0.684987,0.66875,0.153617,1040,6065,7105,29.964153,34.24935
578,2012-07-31,Musim Gugur,2012,7,0,2,1,1,0.713333,0.662896,0.704167,0.165425,968,6248,7216,29.246653,33.144800000000004
579,2012-08-01,Musim Gugur,2012,8,0,3,1,1,0.7175,0.667308,0.6775,0.141179,1074,6506,7580,29.4175,33.3654
580,2012-08-02,Musim Gugur,2012,8,0,4,1,1,0.7525,0.707088,0.659583,0.129354,983,6278,7261,30.8525,35.354400000000005
581,2012-08-03,Musim Gugur,2012,8,0,5,1,2,0.765833,0.722867,0.6425,0.215792,1328,5847,7175,31.399153,36.143350000000005
582,2012-08-04,Musim Gugur,2012,8,0,6,0,1,0.793333,0.751267,0.613333,0.257458,2345,4479,6824,32.526652999999996,37.56335
583,2012-08-05,Musim Gugur,2012,8,0,0,0,1,0.769167,0.731079,0.6525,0.290421,1707,3757,5464,31.535847,36.55395
584,2012-08-06,Musim Gugur,2012,8,0,1,1,2,0.7525,0.710246,0.654167,0.129354,1233,5780,7013,30.8525,35.5123
585,2012-08-07,Musim Gugur,2012,8,0,2,1,2,0.735833,0.697621,0.70375,0.116908,1278,5995,7273,30.169152999999998,34.88105
586,2012-08-08,Musim Gugur,2012,8,0,3,1,2,0.75,0.707717,0.672917,0.1107,1263,6271,7534,30.75,35.385850000000005
587,2012-08-09,Musim Gugur,2012,8,0,4,1,1,0.755833,0.699508,0.620417,0.1561,1196,6090,7286,30.989152999999998,34.9754
588,2012-08-10,Musim Gugur,2012,8,0,5,1,2,0.715833,0.667942,0.715833,0.238813,1065,4721,5786,29.349153,33.3971
589,2012-08-11,Musim Gugur,2012,8,0,6,0,2,0.6925,0.638267,0.732917,0.206479,2247,4052,6299,28.392500000000002,31.91335
590,2012-08-12,Musim Gugur,2012,8,0,0,0,1,0.700833,0.644579,0.530417,0.122512,2182,4362,6544,28.734153000000003,32.22895
591,2012-08-13,Musim Gugur,2012,8,0,1,1,1,0.720833,0.662254,0.545417,0.136212,1207,5676,6883,29.554153,33.112700000000004
592,2012-08-14,Musim Gugur,2012,8,0,2,1,1,0.726667,0.676779,0.686667,0.169158,1128,5656,6784,29.793346999999997,33.838950000000004
593,2012-08-15,Musim Gugur,2012,8,0,3,1,1,0.706667,0.654037,0.619583,0.169771,1198,6149,7347,28.973347,32.70185
594,2012-08-16,Musim Gugur,2012,8,0,4,1,1,0.719167,0.654688,0.519167,0.141796,1338,6267,7605,29.485847,32.7344
595,2012-08-17,Musim Gugur,2012,8,0,5,1,1,0.723333,0.2424,0.570833,0.231354,1483,5665,7148,29.656653,12.120000000000001
596,2012-08-18,Musim Gugur,2012,8,0,6,0,1,0.678333,0.618071,0.603333,0.177867,2827,5038,7865,27.811653,30.903550000000003
597,2012-08-19,Musim Gugur,2012,8,0,0,0,2,0.635833,0.603554,0.711667,0.08645,1208,3341,4549,26.069153,30.1777
598,2012-08-20,Musim Gugur,2012,8,0,1,1,2,0.635833,0.595967,0.734167,0.129979,1026,5504,6530,26.069153,29.798350000000003
599,2012-08-21,Musim Gugur,2012,8,0,2,1,1,0.649167,0.601025,0.67375,0.0727708,1081,5925,7006,26.615847000000002,30.051250000000003
600,2012-08-22,Musim Gugur,2012,8,0,3,1,1,0.6675,0.621854,0.677083,0.0702833,1094,6281,7375,27.3675,31.0927
601,2012-08-23,Musim Gugur,2012,8,0,4,1,1,0.695833,0.637008,0.635833,0.0845958,1363,6402,7765,28.529153,31.8504
602,2012-08-24,Musim Gugur,2012,8,0,5,1,2,0.7025,0.6471,0.615,0.0721458,1325,6257,7582,28.802500000000002,32.355000000000004
603,2012-08-25,Musim Gugur,2012,8,0,6,0,2,0.661667,0.618696,0.712917,0.244408,1829,4224,6053,27.128347,30.934800000000003
604,2012-08-26,Musim Gugur,2012,8,0,0,0,2,0.653333,0.595996,0.845833,0.228858,1483,3772,5255,26.786653,29.799799999999998
605,2012-08-27,Musim Gugur,2012,8,0,1,1,1,0.703333,0.654688,0.730417,0.128733,989,5928,6917,28.836653,32.7344
606,2012-08-28,Musim Gugur,2012,8,0,2,1,1,0.728333,0.66605,0.62,0.190925,935,6105,7040,29.861653,33.3025
607,2012-08-29,Musim Gugur,2012,8,0,3,1,1,0.685,0.635733,0.552083,0.112562,1177,6520,7697,28.085,31.786649999999998
608,2012-08-30,Musim Gugur,2012,8,0,4,1,1,0.706667,0.652779,0.590417,0.0771167,1172,6541,7713,28.973347,32.63895
609,2012-08-31,Musim Gugur,2012,8,0,5,1,1,0.764167,0.6894,0.5875,0.168533,1433,5917,7350,31.330847000000002,34.47
610,2012-09-01,Musim Gugur,2012,9,0,6,0,2,0.753333,0.702654,0.638333,0.113187,2352,3788,6140,30.886653000000003,35.1327
611,2012-09-02,Musim Gugur,2012,9,0,0,0,2,0.696667,0.649,0.815,0.0640708,2613,3197,5810,28.563347,32.45
612,2012-09-03,Musim Gugur,2012,9,1,1,0,1,0.7075,0.661629,0.790833,0.151121,1965,4069,6034,29.0075,33.081450000000004
613,2012-09-04,Musim Gugur,2012,9,0,2,1,1,0.725833,0.686888,0.755,0.236321,867,5997,6864,29.759152999999998,34.3444
614,2012-09-05,Musim Gugur,2012,9,0,3,1,1,0.736667,0.708983,0.74125,0.187808,832,6280,7112,30.203346999999997,35.44915
615,2012-09-06,Musim Gugur,2012,9,0,4,1,2,0.696667,0.655329,0.810417,0.142421,611,5592,6203,28.563347,32.766450000000006
616,2012-09-07,Musim Gugur,2012,9,0,5,1,1,0.703333,0.657204,0.73625,0.171646,1045,6459,7504,28.836653,32.8602
617,2012-09-08,Musim Gugur,2012,9,0,6,0,2,0.659167,0.611121,0.799167,0.281104,1557,4419,5976,27.025847,30.556050000000003
618,2012-09-09,Musim Gugur,2012,9,0,0,0,1,0.61,0.578925,0.5475,0.224496,2570,5657,8227,25.009999999999998,28.946250000000003
619,2012-09-10,Musim Gugur,2012,9,0,1,1,1,0.583333,0.565654,0.50375,0.258713,1118,6407,7525,23.916653,28.2827
620,2012-09-11,Musim Gugur,2012,9,0,2,1,1,0.5775,0.554292,0.52,0.0920542,1070,6697,7767,23.677500000000002,27.7146
621,2012-09-12,Musim Gugur,2012,9,0,3,1,1,0.599167,0.570075,0.577083,0.131846,1050,6820,7870,24.565847,28.50375
622,2012-09-13,Musim Gugur,2012,9,0,4,1,1,0.6125,0.579558,0.637083,0.0827208,1054,6750,7804,25.1125,28.9779
623,2012-09-14,Musim Gugur,2012,9,0,5,1,1,0.633333,0.594083,0.6725,0.103863,1379,6630,8009,25.966653,29.704150000000002
624,2012-09-15,Musim Gugur,2012,9,0,6,0,1,0.608333,0.585867,0.501667,0.247521,3160,5554,8714,24.941653000000002,29.29335
625,2012-09-16,Musim Gugur,2012,9,0,0,0,1,0.58,0.563125,0.57,0.0901833,2166,5167,7333,23.779999999999998,28.15625
626,2012-09-17,Musim Gugur,2012,9,0,1,1,2,0.580833,0.55305,0.734583,0.151742,1022,5847,6869,23.814153,27.652500000000003
627,2012-09-18,Musim Gugur,2012,9,0,2,1,2,0.623333,0.565067,0.8725,0.357587,371,3702,4073,25.556653,28.253349999999998
628,2012-09-19,Musim Gugur,2012,9,0,3,1,1,0.5525,0.540404,0.536667,0.215175,788,6803,7591,22.6525,27.0202
629,2012-09-20,Musim Gugur,2012,9,0,4,1,1,0.546667,0.532192,0.618333,0.118167,939,6781,7720,22.413347,26.6096
630,2012-09-21,Musim Gugur,2012,9,0,5,1,1,0.599167,0.571971,0.66875,0.154229,1250,6917,8167,24.565847,28.59855
631,2012-09-22,Musim Gugur,2012,9,0,6,0,1,0.65,0.610488,0.646667,0.283583,2512,5883,8395,26.650000000000002,30.5244
632,2012-09-23,Musim Dingin,2012,9,0,0,0,1,0.529167,0.518933,0.467083,0.223258,2454,5453,7907,21.695847,25.946649999999998
633,2012-09-24,Musim Dingin,2012,9,0,1,1,1,0.514167,0.502513,0.492917,0.142404,1001,6435,7436,21.080847000000002,25.12565
634,2012-09-25,Musim Dingin,2012,9,0,2,1,1,0.55,0.544179,0.57,0.236321,845,6693,7538,22.55,27.208949999999998
635,2012-09-26,Musim Dingin,2012,9,0,3,1,1,0.635,0.596613,0.630833,0.2444,787,6946,7733,26.035,29.83065
636,2012-09-27,Musim Dingin,2012,9,0,4,1,2,0.65,0.607975,0.690833,0.134342,751,6642,7393,26.650000000000002,30.398750000000003
637,2012-09-28,Musim Dingin,2012,9,0,5,1,2,0.619167,0.585863,0.69,0.164179,1045,6370,7415,25.385847000000002,29.29315
638,2012-09-29,Musim Dingin,2012,9,0,6,0,1,0.5425,0.530296,0.542917,0.227604,2589,5966,8555,22.2425,26.5148
639,2012-09-30,Musim Dingin,2012,9,0,0,0,1,0.526667,0.517663,0.583333,0.134958,2015,4874,6889,21.593347,25.88315
640,2012-10-01,Musim Dingin,2012,10,0,1,1,2,0.520833,0.512,0.649167,0.0908042,763,6015,6778,21.354153,25.6
641,2012-10-02,Musim Dingin,2012,10,0,2,1,3,0.590833,0.542333,0.871667,0.104475,315,4324,4639,24.224153,27.116649999999996
642,2012-10-03,Musim Dingin,2012,10,0,3,1,2,0.6575,0.599133,0.79375,0.0665458,728,6844,7572,26.9575,29.95665
643,2012-10-04,Musim Dingin,2012,10,0,4,1,2,0.6575,0.607975,0.722917,0.117546,891,6437,7328,26.9575,30.398750000000003
644,2012-10-05,Musim Dingin,2012,10,0,5,1,1,0.615,0.580187,0.6275,0.10635,1516,6640,8156,25.215,29.00935
645,2012-10-06,Musim Dingin,2012,10,0,6,0,1,0.554167,0.538521,0.664167,0.268025,3031,4934,7965,22.720847,26.92605
646,2012-10-07,Musim Dingin,2012,10,0,0,0,2,0.415833,0.419813,0.708333,0.141162,781,2729,3510,17.049153,20.99065
647,2012-10-08,Musim Dingin,2012,10,1,1,0,2,0.383333,0.387608,0.709583,0.189679,874,4604,5478,15.716652999999999,19.3804
648,2012-10-09,Musim Dingin,2012,10,0,2,1,2,0.446667,0.438112,0.761667,0.1903,601,5791,6392,18.313347,21.9056
649,2012-10-10,Musim Dingin,2012,10,0,3,1,1,0.514167,0.503142,0.630833,0.187821,780,6911,7691,21.080847000000002,25.1571
650,2012-10-11,Musim Dingin,2012,10,0,4,1,1,0.435,0.431167,0.463333,0.181596,834,6736,7570,17.835,21.55835
651,2012-10-12,Musim Dingin,2012,10,0,5,1,1,0.4375,0.433071,0.539167,0.235092,1060,6222,7282,17.9375,21.65355
652,2012-10-13,Musim Dingin,2012,10,0,6,0,1,0.393333,0.391396,0.494583,0.146142,2252,4857,7109,16.126653,19.5698
653,2012-10-14,Musim Dingin,2012,10,0,0,0,1,0.521667,0.508204,0.640417,0.278612,2080,4559,6639,21.388347,25.4102
654,2012-10-15,Musim Dingin,2012,10,0,1,1,2,0.561667,0.53915,0.7075,0.296037,760,5115,5875,23.028347,26.9575
655,2012-10-16,Musim Dingin,2012,10,0,2,1,1,0.468333,0.460846,0.558333,0.182221,922,6612,7534,19.201653,23.042299999999997
656,2012-10-17,Musim Dingin,2012,10,0,3,1,1,0.455833,0.450108,0.692917,0.101371,979,6482,7461,18.689153,22.5054
657,2012-10-18,Musim Dingin,2012,10,0,4,1,2,0.5225,0.512625,0.728333,0.236937,1008,6501,7509,21.4225,25.63125
658,2012-10-19,Musim Dingin,2012,10,0,5,1,2,0.563333,0.537896,0.815,0.134954,753,4671,5424,23.096653,26.894800000000004
659,2012-10-20,Musim Dingin,2012,10,0,6,0,1,0.484167,0.472842,0.572917,0.117537,2806,5284,8090,19.850847,23.6421
660,2012-10-21,Musim Dingin,2012,10,0,0,0,1,0.464167,0.456429,0.51,0.166054,2132,4692,6824,19.030847,22.82145
661,2012-10-22,Musim Dingin,2012,10,0,1,1,1,0.4875,0.482942,0.568333,0.0814833,830,6228,7058,19.9875,24.1471
662,2012-10-23,Musim Dingin,2012,10,0,2,1,1,0.544167,0.530304,0.641667,0.0945458,841,6625,7466,22.310847,26.5152
663,2012-10-24,Musim Dingin,2012,10,0,3,1,1,0.5875,0.558721,0.63625,0.0727792,795,6898,7693,24.087500000000002,27.93605
664,2012-10-25,Musim Dingin,2012,10,0,4,1,2,0.55,0.529688,0.800417,0.124375,875,6484,7359,22.55,26.4844
665,2012-10-26,Musim Dingin,2012,10,0,5,1,2,0.545833,0.52275,0.807083,0.132467,1182,6262,7444,22.379153000000002,26.137500000000003
666,2012-10-27,Musim Dingin,2012,10,0,6,0,2,0.53,0.515133,0.72,0.235692,2643,5209,7852,21.73,25.756649999999997
667,2012-10-28,Musim Dingin,2012,10,0,0,0,2,0.4775,0.467771,0.694583,0.398008,998,3461,4459,19.5775,23.38855
668,2012-10-29,Musim Dingin,2012,10,0,1,1,3,0.44,0.4394,0.88,0.3582,2,20,22,18.04,21.97
669,2012-10-30,Musim Dingin,2012,10,0,2,1,2,0.318182,0.309909,0.825455,0.213009,87,1009,1096,13.045462,15.49545
670,2012-10-31,Musim Dingin,2012,10,0,3,1,2,0.3575,0.3611,0.666667,0.166667,419,5147,5566,14.657499999999999,18.055
671,2012-11-01,Musim Dingin,2012,11,0,4,1,2,0.365833,0.369942,0.581667,0.157346,466,5520,5986,14.999153000000002,18.4971
672,2012-11-02,Musim Dingin,2012,11,0,5,1,1,0.355,0.356042,0.522083,0.266175,618,5229,5847,14.555,17.802100000000003
673,2012-11-03,Musim Dingin,2012,11,0,6,0,2,0.343333,0.323846,0.49125,0.270529,1029,4109,5138,14.076653,16.1923
674,2012-11-04,Musim Dingin,2012,11,0,0,0,1,0.325833,0.329538,0.532917,0.179108,1201,3906,5107,13.359153,16.4769
675,2012-11-05,Musim Dingin,2012,11,0,1,1,1,0.319167,0.308075,0.494167,0.236325,378,4881,5259,13.085847,15.403749999999999
676,2012-11-06,Musim Dingin,2012,11,0,2,1,1,0.280833,0.281567,0.567083,0.173513,466,5220,5686,11.514153,14.07835
677,2012-11-07,Musim Dingin,2012,11,0,3,1,2,0.295833,0.274621,0.5475,0.304108,326,4709,5035,12.129153,13.73105
678,2012-11-08,Musim Dingin,2012,11,0,4,1,1,0.352174,0.341891,0.333478,0.347835,340,4975,5315,14.439134,17.09455
679,2012-11-09,Musim Dingin,2012,11,0,5,1,1,0.361667,0.355413,0.540833,0.214558,709,5283,5992,14.828347,17.77065
680,2012-11-10,Musim Dingin,2012,11,0,6,0,1,0.389167,0.393937,0.645417,0.0578458,2090,4446,6536,15.955846999999999,19.696849999999998
681,2012-11-11,Musim Dingin,2012,11,0,0,0,1,0.420833,0.421713,0.659167,0.1275,2290,4562,6852,17.254153000000002,21.08565
682,2012-11-12,Musim Dingin,2012,11,1,1,0,1,0.485,0.475383,0.741667,0.173517,1097,5172,6269,19.884999999999998,23.76915
683,2012-11-13,Musim Dingin,2012,11,0,2,1,2,0.343333,0.323225,0.662917,0.342046,327,3767,4094,14.076653,16.16125
684,2012-11-14,Musim Dingin,2012,11,0,3,1,1,0.289167,0.281563,0.552083,0.199625,373,5122,5495,11.855847,14.07815
685,2012-11-15,Musim Dingin,2012,11,0,4,1,2,0.321667,0.324492,0.620417,0.152987,320,5125,5445,13.188346999999998,16.2246
686,2012-11-16,Musim Dingin,2012,11,0,5,1,1,0.345,0.347204,0.524583,0.171025,484,5214,5698,14.145,17.3602
687,2012-11-17,Musim Dingin,2012,11,0,6,0,1,0.325,0.326383,0.545417,0.179729,1313,4316,5629,13.325000000000001,16.31915
688,2012-11-18,Musim Dingin,2012,11,0,0,0,1,0.3425,0.337746,0.692917,0.227612,922,3747,4669,14.0425,16.8873
689,2012-11-19,Musim Dingin,2012,11,0,1,1,2,0.380833,0.375621,0.623333,0.235067,449,5050,5499,15.614152999999998,18.78105
690,2012-11-20,Musim Dingin,2012,11,0,2,1,2,0.374167,0.380667,0.685,0.082725,534,5100,5634,15.340847000000002,19.03335
691,2012-11-21,Musim Dingin,2012,11,0,3,1,1,0.353333,0.364892,0.61375,0.103246,615,4531,5146,14.486653,18.2446
692,2012-11-22,Musim Dingin,2012,11,1,4,0,1,0.34,0.350371,0.580417,0.0528708,955,1470,2425,13.940000000000001,17.518549999999998
693,2012-11-23,Musim Dingin,2012,11,0,5,1,1,0.368333,0.378779,0.56875,0.148021,1603,2307,3910,15.101653,18.93895
694,2012-11-24,Musim Dingin,2012,11,0,6,0,1,0.278333,0.248742,0.404583,0.376871,532,1745,2277,11.411653,12.4371
695,2012-11-25,Musim Dingin,2012,11,0,0,0,1,0.245833,0.257583,0.468333,0.1505,309,2115,2424,10.079153,12.879150000000001
696,2012-11-26,Musim Dingin,2012,11,0,1,1,1,0.313333,0.339004,0.535417,0.04665,337,4750,5087,12.846652999999998,16.950200000000002
697,2012-11-27,Musim Dingin,2012,11,0,2,1,2,0.291667,0.281558,0.786667,0.237562,123,3836,3959,11.958347,14.0779
698,2012-11-28,Musim Dingin,2012,11,0,3,1,1,0.296667,0.289762,0.50625,0.210821,198,5062,5260,12.163347,14.488100000000001
699,2012-11-29,Musim Dingin,2012,11,0,4,1,1,0.28087,0.298422,0.555652,0.115522,243,5080,5323,11.51567,14.921100000000001
700,2012-11-30,Musim Dingin,2012,11,0,5,1,1,0.298333,0.323867,0.649583,0.0584708,362,5306,5668,12.231653000000001,16.193350000000002
701,2012-12-01,Musim Dingin,2012,12,0,6,0,2,0.298333,0.316904,0.806667,0.0597042,951,4240,5191,12.231653000000001,15.8452
702,2012-12-02,Musim Dingin,2012,12,0,0,0,2,0.3475,0.359208,0.823333,0.124379,892,3757,4649,14.247499999999999,17.9604
703,2012-12-03,Musim Dingin,2012,12,0,1,1,1,0.4525,0.455796,0.7675,0.0827208,555,5679,6234,18.552500000000002,22.7898
704,2012-12-04,Musim Dingin,2012,12,0,2,1,1,0.475833,0.469054,0.73375,0.174129,551,6055,6606,19.509153,23.4527
705,2012-12-05,Musim Dingin,2012,12,0,3,1,1,0.438333,0.428012,0.485,0.324021,331,5398,5729,17.971653,21.4006
706,2012-12-06,Musim Dingin,2012,12,0,4,1,1,0.255833,0.258204,0.50875,0.174754,340,5035,5375,10.489152999999998,12.9102
707,2012-12-07,Musim Dingin,2012,12,0,5,1,2,0.320833,0.321958,0.764167,0.1306,349,4659,5008,13.154152999999999,16.097900000000003
708,2012-12-08,Musim Dingin,2012,12,0,6,0,2,0.381667,0.389508,0.91125,0.101379,1153,4429,5582,15.648347,19.4754
709,2012-12-09,Musim Dingin,2012,12,0,0,0,2,0.384167,0.390146,0.905417,0.157975,441,2787,3228,15.750846999999998,19.5073
710,2012-12-10,Musim Dingin,2012,12,0,1,1,2,0.435833,0.435575,0.925,0.190308,329,4841,5170,17.869153,21.77875
711,2012-12-11,Musim Dingin,2012,12,0,2,1,2,0.353333,0.338363,0.596667,0.296037,282,5219,5501,14.486653,16.91815
712,2012-12-12,Musim Dingin,2012,12,0,3,1,2,0.2975,0.297338,0.538333,0.162937,310,5009,5319,12.1975,14.8669
713,2012-12-13,Musim Dingin,2012,12,0,4,1,1,0.295833,0.294188,0.485833,0.174129,425,5107,5532,12.129153,14.7094
714,2012-12-14,Musim Dingin,2012,12,0,5,1,1,0.281667,0.294192,0.642917,0.131229,429,5182,5611,11.548347,14.7096
715,2012-12-15,Musim Dingin,2012,12,0,6,0,1,0.324167,0.338383,0.650417,0.10635,767,4280,5047,13.290847,16.91915
716,2012-12-16,Musim Dingin,2012,12,0,0,0,2,0.3625,0.369938,0.83875,0.100742,538,3248,3786,14.862499999999999,18.4969
717,2012-12-17,Musim Dingin,2012,12,0,1,1,2,0.393333,0.4015,0.907083,0.0982583,212,4373,4585,16.126653,20.075000000000003
718,2012-12-18,Musim Dingin,2012,12,0,2,1,1,0.410833,0.409708,0.66625,0.221404,433,5124,5557,16.844153,20.485400000000002
719,2012-12-19,Musim Dingin,2012,12,0,3,1,1,0.3325,0.342162,0.625417,0.184092,333,4934,5267,13.6325,17.1081
720,2012-12-20,Musim Dingin,2012,12,0,4,1,2,0.33,0.335217,0.667917,0.132463,314,3814,4128,13.530000000000001,16.760849999999998
721,2012-12-21,Musim Semi,2012,12,0,5,1,2,0.326667,0.301767,0.556667,0.374383,221,3402,3623,13.393346999999999,15.08835
722,2012-12-22,Musim Semi,2012,12,0,6,0,1,0.265833,0.236113,0.44125,0.407346,205,1544,1749,10.899153,11.80565
723,2012-12-23,Musim Semi,2012,12,0,0,0,1,0.245833,0.259471,0.515417,0.133083,408,1379,1787,10.079153,12.97355
724,2012-12-24,Musim Semi,2012,12,0,1,1,2,0.231304,0.2589,0.791304,0.0772304,174,746,920,9.483464,12.945
725,2012-12-25,Musim Semi,2012,12,1,2,0,2,0.291304,0.294465,0.734783,0.168726,440,573,1013,11.943464,14.723249999999998
726,2012-12-26,Musim Semi,2012,12,0,3,1,3,0.243333,0.220333,0.823333,0.316546,9,432,441,9.976652999999999,11.01665
727,2012-12-27,Musim Semi,2012,12,0,4,1,2,0.254167,0.226642,0.652917,0.350133,247,1867,2114,10.420846999999998,11.3321
728,2012-12-28,Musim Semi,2012,12,0,5,1,2,0.253333,0.255046,0.59,0.155471,644,2451,3095,10.386652999999999,12.7523
729,2012-12-29,Musim Semi,2012,12,0,6,0,2,0.253333,0.2424,0.752917,0.124383,159,1182,1341,10.386652999999999,12.120000000000001
730,2012-12-30,Musim Semi,2012,12,0,0,0,1,0.255833,0.2317,0.483333,0.350754,364,1432,1796,10.489152999999998,11.584999999999999
731,2012-12-31,Musim Semi,2012,12,0,1,1,2,0.215833,0.223487,0.5775,0.154846,439,2290,2729,8.849153,11.17435
